"Sport","Sex","Age","Bodymass","Time10m","Time20m","Time30m","Time40m","F0","V0","Pmax","FVSlope","RFmax","DRF"
"Alpine skiing","M",21.1369863013699,77,2.019,3.27,4.459,5.636,8.69379669784412,8.85954117590478,19.2557624548737,-0.981291979486315,0.472394290473129,-0.0910159049316348
"Alpine skiing","M",22.7178082191781,81,2.044,3.289,4.442,5.645,8.07871696586748,9.19780306645279,18.576611920415,-0.87833115228712,0.464806281807923,-0.0814984859962675
"Alpine skiing","M",22.7260273972603,81,2.096,3.367,4.595,5.787,8.01564231389234,8.67594485198239,17.3858176671366,-0.923892722999596,0.453564915572227,-0.0863092373442137
"Alpine skiing","M",27.3369863013699,82,2.052,3.322,4.493,5.667,8.12502627843668,8.96804330101703,18.2163968717303,-0.905997663672661,0.461759234394058,-0.0842824932930723
"Alpine skiing","M",19.9972602739726,83,2.105,3.417,4.629,5.825,7.8015952212113,8.63010053319664,16.83213776959,-0.903998185328386,0.447515225727071,-0.0846363941518945
"Alpine skiing","M",20.5890410958904,85,1.983,3.173,4.335,5.452,8.95636351370341,9.21797952132285,20.6398938637103,-0.971618942414194,0.485211364876862,-0.089621262213703
"Alpine skiing","M",20.627397260274,85,2.039,3.302,4.432,5.585,7.97057943367315,9.27079709816037,18.4734061710884,-0.859751254318227,0.463382353017984,-0.0798041184121739
"Alpine skiing","M",24.1095890410959,85,1.989,3.243,4.385,5.512,8.71687750151305,9.08845952601745,19.8057470914384,-0.959114960743272,0.477561701677075,-0.0887585267279429
"Alpine skiing","M",29.6520547945205,86,2.137,3.453,4.645,5.86,7.30680461288518,8.82064295680924,16.1126786613567,-0.828375510568033,0.437983120728819,-0.0776853323306845
"Alpine skiing","M",30.1315068493151,86,2.025,3.225,4.329,5.434,7.93063637725147,9.77159642287851,19.3737445137752,-0.811600892427695,0.470532031381257,-0.0749220298356317
"Alpine skiing","M",26.1178082191781,87,2.011,3.25,4.406,5.552,8.52949841749028,9.1050881176901,19.4154586727368,-0.936783730946928,0.473773309805424,-0.0868004276755664
"Alpine skiing","M",30.5972602739726,87,2.017,3.313,4.529,5.715,8.97878165045675,8.48911272734995,19.0554723962471,-1.05768199090221,0.47003122223959,-0.098521184813553
"Alpine skiing","M",25.7534246575342,92,2.037,3.339,4.53,5.68,8.49479605245966,8.64677763394038,18.3631531278233,-0.982423327172869,0.463822577414898,-0.0916217465867869
"Alpine skiing","W",18.6191780821918,55.9,2.186,3.658,5.044,6.47,8.16424964547472,7.36179572367167,15.0258845317609,-1.10900247058239,0.426593206300251,-0.105013823360101
"Alpine skiing","W",23.3232876712329,64.3,2.192,3.584,4.881,6.197,7.42422491660738,8.01923197591879,14.8841454619177,-0.92580248818114,0.426035183647341,-0.0873991468089188
"Alpine skiing","W",23.358904109589,64.6,2.217,3.69,5.029,6.403,7.4690745396631,7.5815099521919,14.1567157390297,-0.985169786330453,0.417651878259598,-0.0934613641854455
"Alpine skiing","W",19.0667696917808,65,2.11,3.44,4.67,5.95,7.87274086310321,8.47860141504176,16.687457955541,-0.928542394873793,0.446212995413825,-0.0869357169667385
"Alpine skiing","W",19.3917808219178,66.5,2.203,3.627,5.023,6.387,7.99667931598028,7.45997388317687,14.9137547123384,-1.07194467986192,0.426003003859069,-0.101584183754367
"Alpine skiing","W",29.2438356164384,67,2.186,3.641,4.948,6.319,7.59392983375377,7.7392468218082,14.6928243327283,-0.981223368190695,0.424091015156158,-0.0928720118498585
"Alpine skiing","W",20.7671232876712,68,2.129,3.468,4.723,5.974,7.83303332938381,8.3243652142893,16.3012575423728,-0.94097665440458,0.442180209115967,-0.0883215549878852
"Alpine skiing","W",25.5972602739726,68,2.288,3.752,5.136,6.507,6.99931707434555,7.49794117665001,13.1201169250412,-0.933498531055796,0.40450717560167,-0.0889157989405086
"Alpine skiing","W",23.5917808219178,69.8,2.204,3.642,5.004,6.399,7.75392731479058,7.56054467541242,14.6559784683437,-1.02557787139425,0.423507208407408,-0.0972218864177628
"Alpine skiing","W",23.4328767123288,71.1,2.228,3.65,4.999,6.341,7.38927976650932,7.70017779687588,14.2246919982448,-0.959624564709051,0.418474795806544,-0.091015583978094
"Athletics jumping","M",24.0520547945205,68,1.917,3.096,4.145,5.168,8.87839999230254,10.0845223809099,22.3836058572612,-0.880398660139767,0.499142889443356,-0.0801315097531091
"Athletics jumping","M",16.2845227676306,72,2.01,3.18,4.26,5.3,7.91531904179339,10.1652823324373,20.1153632027868,-0.778661997073674,0.47592307518893,-0.0714199109557591
"Athletics jumping","M",23,73.8,1.95,3.12,4.18,5.23,8.51801143220036,10.1312639047294,21.574555440781,-0.840764934395207,0.491296115875613,-0.0767740657948415
"Athletics jumping","M",19.9561643835616,75,1.98,3.249,4.358,5.433,8.56292832133896,9.26192187922976,19.8272932924214,-0.924530398009691,0.477429297707578,-0.0853556808043988
"Athletics jumping","M",20,75,1.97,3.14,4.25,5.31,8.67694858948545,9.72269855714661,21.0908388828564,-0.89244241590803,0.488362491324663,-0.0818345174701349
"Athletics jumping","M",23.0297320839675,78.3,2.03,3.19,4.26,5.31,7.61014498027792,10.3993059377797,19.7850564701921,-0.731793547166547,0.470380086465127,-0.0671887950205252
"Athletics jumping","M",26.9643835616438,80,1.936,3.096,4.16,5.196,8.74844104280771,10.0783860907857,22.042541630473,-0.868039879004642,0.496087222492472,-0.0792423450379176
"Athletics jumping","M",25.6595573630137,84.2,2.03,3.25,4.37,5.43,7.99406420017759,9.5429971379275,19.0718329456759,-0.837689049324572,0.468554853282029,-0.0774839401395349
"Athletics jumping","M",17.7856442478437,90.4,1.91,3.08,4.11,5.14,8.82005996104246,10.2382043074134,22.5753939711974,-0.861485051109587,0.500449663388458,-0.0785406125028834
"Athletics jumping","W",18.6356164383562,56,2.017,3.288,4.46,5.64,8.57555808095404,8.92383231101445,19.1317105719497,-0.96097257120906,0.47104707930208,-0.0889233382428003
"Athletics jumping","W",17.6684931506849,59,2.06,3.339,4.528,5.694,8.15493213496572,8.86333597365683,18.0699758386429,-0.920074806957946,0.460365941813929,-0.0854920862321821
"Athletics jumping","W",17,59.3,2.09,3.34,4.48,5.6,7.43661537919098,9.46667935159882,17.6000133139924,-0.785556909977627,0.451931943050789,-0.0728605169481544
"Athletics jumping","W",31.1123287671233,60,2.176,3.556,4.843,6.113,7.52650243776779,8.09793953122274,15.237290405661,-0.929434260252044,0.430129784432105,-0.087554513792498
"Athletics jumping","W",16.8109589041096,61,2.171,3.528,4.781,6.014,7.34718117494746,8.36850630428152,15.3712329953116,-0.877956102057122,0.430893464759107,-0.0825521094055153
"Athletics jumping","W",19.6931506849315,61,2.119,3.452,4.667,5.893,7.6580156623218,8.59174195802861,16.4489236203026,-0.891322819019922,0.443099587816788,-0.0834099656440521
"Athletics jumping","W",18.064921486555,61.9,2.04,3.32,4.49,5.65,8.26377735698161,8.93503743021332,18.459289999895,-0.924873277982934,0.464311608651642,-0.0858361582780119
"Athletics jumping","W",23.9930195649417,65,2.09,3.34,4.52,5.68,7.72583968979742,9.11526420893276,17.6057675020906,-0.847571667996882,0.454275075136037,-0.0788304981615385
"Athletics sprinting","M",19.5668519469812,67,1.89,3.03,4.08,5.12,9.27718902609536,10.2068077358332,23.6726211795843,-0.908921698752663,0.510151060675947,-0.0823186273473157
"Athletics sprinting","M",18.9224749175545,68.6,1.86,2.96,3.96,4.95,9.24459726978193,10.8766873893953,25.1376486360687,-0.849946030332303,0.520205914286034,-0.0763105046223446
"Athletics sprinting","M",17,70,1.92,3.07,4.12,5.15,8.83998650849401,10.248879959577,22.6499901424589,-0.862531958941868,0.500952879039543,-0.0783851429300247
"Athletics sprinting","M",20.7698630136986,71,1.914,3.087,4.142,5.175,8.97747660215555,10.0399259122289,22.5332999911025,-0.894177574679187,0.500687156014854,-0.0814132688508622
"Athletics sprinting","M",17.2612837392187,72,1.95,3.12,4.18,5.23,8.51657415039566,10.1372204285206,21.5835973646003,-0.840129127155476,0.491340528478148,-0.0766890947136219
"Athletics sprinting","M",24.1910603120243,72,1.86,3,4,5.03,9.25692634066001,10.5974349733063,24.5249187369576,-0.873506312044107,0.51618766009049,-0.078769413585061
"Athletics sprinting","M",25.5636757356672,75,1.91,3.09,4.2,5.3,9.56498409793092,9.50079483918407,22.7187378886249,-1.00675619880582,0.502972510632937,-0.0920235637462893
"Athletics sprinting","M",22.7342465753425,79,1.93,3.064,4.065,5.081,8.27807731924882,10.9311233629599,22.6221710962072,-0.757294291206987,0.496628640116452,-0.0686671806527944
"Athletics sprinting","W",17.5490135083714,57,1.98,3.21,4.35,5.44,8.80056569969983,9.24697969866319,20.344663090469,-0.951723263864427,0.48230236109249,-0.0875685990458708
"Athletics sprinting","W",24.0246575342466,57,1.98,3.2,4.34,5.42,8.79726042193493,9.29418382918926,20.4408388886786,-0.946533938171774,0.483139962699187,-0.0870371413366064
"Athletics sprinting","W",16.6547945205479,58,2.011,3.243,4.369,5.48,8.26698646156938,9.43227642911983,19.4941253853284,-0.876457186522555,0.473433144505916,-0.0807705828931272
"Athletics sprinting","W",19.9033397070015,58,2.02,3.27,4.42,5.55,8.34908734752019,9.17968366219593,19.1604951795695,-0.909517980658056,0.470872779121604,-0.0840398010684999
"Athletics sprinting","W",17.6684931506849,62,2.028,3.289,4.467,5.641,8.47819370783511,8.93339647877733,18.9347664539916,-0.949044826116962,0.469152561772811,-0.0879554097465434
"Athletics throwing","M",20.6739726027397,83,1.968,3.2,4.348,5.47,9.05930824685453,9.0989203260526,20.6074809868201,-0.995646507741732,0.484900707227409,-0.0919030142259261
"Athletics throwing","M",29.6493150684932,90,2,3.23,4.36,5.48,8.46045798571171,9.3104298559707,19.692625156339,-0.908707558790756,0.476062637223038,-0.0840476738336919
"Athletics throwing","M",18.8429159373415,90.7,2.11,3.36,4.55,5.68,7.58128633055061,9.04673185331249,17.1464661339187,-0.83801382128671,0.44936520377257,-0.0782632554230516
"Athletics throwing","M",28.8998721778285,91,1.92,3.12,4.19,5.25,9.05033232313552,9.72328476083081,21.9997395894995,-0.930789598962872,0.496861589105565,-0.0852831287634026
"Athletics throwing","M",26.4684931506849,97,2.032,3.294,4.442,5.569,8.2024209282957,9.09516250578266,18.6505878209205,-0.901844351113093,0.466049887924729,-0.0838407561585105
"Athletics throwing","M",17.8570614218671,99,1.99,3.22,4.33,5.42,8.43244586399864,9.42676619377262,19.87267390039,-0.894521587855776,0.477549334707401,-0.0827025717226855
"Athletics throwing","M",16.9205479452055,100,2.12,3.43,4.62,5.81,7.48249480017362,8.79414366594568,16.4505335631046,-0.85084973414168,0.442388508949719,-0.0798073049491484
"Athletics throwing","M",16.8458825786403,101.3,2.17,3.53,4.77,6.02,7.2895246809208,8.37199147881166,15.2569596283141,-0.870703786472975,0.429609477918655,-0.0821685651791454
"Athletics throwing","M",22.8219178082192,105,2.022,3.276,4.442,5.607,8.47706572849487,8.96502351456481,18.999273397617,-0.945570941863433,0.469961069021293,-0.0879347681200832
"Athletics throwing","M",19.7883410705226,106,2.04,3.25,4.34,5.41,7.65934876993048,9.86238879596013,18.8848688732283,-0.776622066762155,0.464465937123796,-0.0719225696752922
"Athletics throwing","M",28.3342465753425,107,2.082,3.353,4.522,5.67,7.75957151882869,9.01152531999332,17.481393803556,-0.8610719321415,0.453542241096882,-0.0804474344879401
"Athletics throwing","M",26.4684931506849,108,2,3.336,4.512,5.652,8.91677216799242,8.50741185556026,18.9646633138271,-1.04811807860984,0.469367316413451,-0.0977959222609454
"Athletics throwing","M",17.4,111,2.04,3.38,4.56,5.75,8.39611717901765,8.54187397220338,17.9296436997551,-0.98293620420296,0.459569516222726,-0.0919711720978733
"Athletics throwing","M",21.952782629376,112,1.95,3.2,4.3,5.39,8.91573649242051,9.27797524654853,20.6799956203567,-0.960957132940964,0.485667081082415,-0.088800102327018
"Athletics throwing","W",20.7583470319635,63.7,2.06,3.34,4.53,5.72,8.16686841560679,8.83836332707177,18.04543757538,-0.92402497084407,0.460206558634608,-0.0859430986866271
"Athletics throwing","W",20.1747771752917,66,2.18,3.57,4.83,6.05,7.3111112449162,8.20731629819815,15.0011506195851,-0.89080412881386,0.426919744652326,-0.0839919505682597
"Athletics throwing","W",17.7780821917808,71.2,2.1,3.48,4.77,6.02,8.48637926974604,7.93770611016438,16.8405961456589,-1.06912238270942,0.447497179144948,-0.100496983036028
"Athletics throwing","W",17.7753424657534,75,2.17,3.49,4.72,5.93,7.20742700905469,8.62723133011241,15.5450350255037,-0.835427581951807,0.431873428023443,-0.0785396549096712
"Athletics throwing","W",19.324700152207,76,2.18,3.54,4.81,6.02,7.37185699957362,8.23969128072133,15.1854564605278,-0.894676359637623,0.429177416020196,-0.084385263234678
"Athletics throwing","W",21.818442827245,76.1,2.08,3.45,4.71,5.98,8.51129069887828,8.0851203473634,17.2037024029564,-1.05271045243672,0.451562225726751,-0.0987997411964458
"Athletics throwing","W",16.7226183726535,76.4,2.25,3.64,4.96,6.3,6.97314970902433,7.97874536678814,13.9092464831995,-0.873965691153694,0.413608115023862,-0.0828913993439539
"Athletics throwing","W",18.0924627409944,78.8,2.17,3.57,4.84,6.16,7.49806823727488,8.07100268269879,15.129232214526,-0.929013225748014,0.429001683054544,-0.0877437978305598
"Athletics throwing","W",29.3561643835616,82,2.22,3.65,5.01,6.37,7.55803904924383,7.59735289779261,14.3552724681006,-0.994825322835772,0.420133575185974,-0.0944659031060994
"Athletics throwing","W",20.9793292427702,85.2,2.18,3.6,4.95,6.27,7.95099334409392,7.6176184201574,15.1419083391297,-1.04376366805856,0.4291004600873,-0.0989046909790755
"Bandy","M",18.7063371385084,64.5,2.09,3.4,4.62,5.8,8.02932091279613,8.59467084670287,17.2523425920077,-0.934220874307988,0.452173715805875,-0.0871771844006762
"Bandy","M",18.4597685819381,66.3,2.04,3.28,4.45,5.57,8.25116213146601,9.11762435339048,18.807749198407,-0.904968422876264,0.467440553911824,-0.0837854683223693
"Bandy","M",18.1090558726535,69,2.06,3.34,4.54,5.74,8.24428395993181,8.77181438636355,18.079332161249,-0.939860739956852,0.460694979427309,-0.08743838199659
"Bandy","M",17.8778997970573,69.4,2.17,3.53,4.76,6.01,7.20999319777798,8.49277814921388,15.3082181715174,-0.848955791744703,0.429504354843211,-0.0798182449030735
"Bandy","M",17.6751674277017,69.7,2.13,3.41,4.62,5.8,7.48912414907683,8.86630632964754,16.600217211619,-0.84467238900086,0.443668807039818,-0.0789183958938106
"Bandy","M",18.4077019596651,71.5,2.11,3.4,4.62,5.87,7.78882125136456,8.7023926291092,16.945345161831,-0.895020666536146,0.448497413646886,-0.0836237768884026
"Bandy","M",18.651544361999,71.6,2.11,3.42,4.67,5.91,8.01320116582196,8.43267186223486,16.8931739993636,-0.950256490082168,0.448578668554897,-0.0889459134833237
"Bandy","M",18.6460430936073,72.2,2.08,3.37,4.59,5.8,8.1516713676366,8.63565404327074,17.5987534513363,-0.943955295892003,0.455884108220575,-0.0880606107781881
"Bandy","M",17.9437051940639,72.3,2.06,3.32,4.49,5.64,8.01020362050734,9.06244975399062,18.1480169575204,-0.883889438060616,0.460630362197132,-0.0821028686713882
"Bandy","M",18.7720622146119,75.1,2.08,3.31,4.48,5.63,7.76988954782613,9.24748727359431,17.9629886776889,-0.840216300703935,0.457707461610775,-0.0780412982275864
"Bandy","M",18.6953551496702,76.7,2.09,3.39,4.6,5.8,7.95875041159654,8.67176092429798,17.2540952063808,-0.91777788629947,0.452101433902696,-0.0857352904497316
"Bandy","M",17.5272812341451,77.3,2.08,3.36,4.55,5.72,7.92571682989977,8.86740696673701,17.5701391584595,-0.893803212103644,0.455007967310364,-0.0833227434726631
"Bandy","M",25.5335214041096,77.4,2.05,3.33,4.59,5.8,8.87182504719922,8.36970286496315,18.5636348787488,-1.05999283252193,0.465181006195203,-0.0988614409306739
"Bandy","M",18.4542715943683,77.5,2.11,3.37,4.57,5.76,7.64540238939996,8.95560137585882,17.1172940393762,-0.853700613563406,0.449438689419721,-0.0796643438782676
"Bandy","M",18.3802970890411,79.2,2.04,3.29,4.46,5.62,8.26181687186831,9.04052694751384,18.6727945163875,-0.913864525799608,0.466349275749352,-0.0848307256030681
"Bandy","M",25.9472022450533,79.7,2.08,3.33,4.5,5.67,7.77461735312744,9.14321486654088,17.7712492411954,-0.850315503530191,0.45609228464448,-0.0791180168963041
"Bandy","M",25.7280492453069,82.1,1.95,3.23,4.37,5.55,9.2863823891586,8.90089070056062,20.6642686623779,-1.04330933853324,0.485082112583274,-0.0964214718527559
"Bandy","M",17.8615152207001,82.7,2.23,3.62,4.92,6.22,7.05021576117062,8.05429981958961,14.1961378833161,-0.875335649167558,0.417135291095749,-0.0829064821789153
"Bandy","M",18.1765581240487,83.1,2.15,3.49,4.75,6,7.63013308292356,8.31488360150478,15.8609171121251,-0.917647612233887,0.437153687044225,-0.08633196891705
"Bandy","M",18.0532040208016,84.3,2.15,3.48,4.7,5.92,7.35660226292795,8.60230453547586,15.8209332530193,-0.855189703246305,0.435533756257672,-0.0803521389325117
"Bandy","M",17.4540783866058,89.5,2.11,3.44,4.67,5.89,7.88211022593443,8.44451468223485,16.6401488824742,-0.933400026234357,0.44585941333592,-0.0875864206423112
"Bandy","M",21.6869449835109,91.7,2.04,3.42,4.65,5.92,8.83522439967814,8.12959429102726,17.956697459892,-1.08679770273772,0.458813455603226,-0.101839432531389
"Bandy","M",18.2597425799087,98,2.17,3.45,4.65,5.85,7.0190680492048,8.98472267725223,15.7660949687167,-0.781222559821003,0.432389584088805,-0.0733748556849144
"Bandy","W",25,52.3,2.25,3.71,5.1,6.54,7.42325276549114,7.46516762074621,13.8539565463898,-0.994385276073562,0.413836104714064,-0.0943394028214746
"Bandy","W",19.2157244101979,55.3,2.15,3.59,4.95,6.35,8.40737454772812,7.52299408666411,15.8121572517323,-1.11755697942548,0.435342023779789,-0.105469110849877
"Bandy","W",19.3390113203957,57.2,2.2,3.67,5.06,6.46,8.01655756413774,7.36459912905638,14.7596832137198,-1.08852599084574,0.423873593225818,-0.103159800473521
"Bandy","W",15.6459101027397,59.2,2.42,4.03,5.55,7.13,6.57418463014677,6.73785157985975,11.073970074131,-0.975709326960808,0.376658678645182,-0.0938450983740982
"Bandy","W",26.456887493658,59.9,2.37,3.92,5.37,6.85,6.62309139806818,7.09341009961754,11.7450758534367,-0.933696389332583,0.386037824037043,-0.089444246999926
"Bandy","W",18.3307573566717,60.2,2.25,3.74,5.16,6.63,7.6457348233994,7.23849900419805,13.8359109763847,-1.05625970508045,0.413230933797802,-0.100477480684488
"Bandy","W",18.7801096524607,61.8,2.25,3.73,5.12,6.54,7.4407416950295,7.38594150471626,13.7392207277978,-1.00741952671548,0.412446461184165,-0.0957785029677556
"Bandy","W",20.7060849822425,62.9,2.25,3.71,5.13,6.57,7.62853968276287,7.3174049206903,13.9552784530826,-1.04251982300348,0.414870791381662,-0.099113425562029
"Bandy","W",32.4923989408929,68.2,2.22,3.6,4.96,6.32,7.53274985023445,7.77346118006848,14.638884634991,-0.969034214713618,0.42344658292271,-0.0917253920557976
"Bandy","W",29.9172106481482,68.3,2.34,3.81,5.23,6.65,6.70861873237395,7.38914738309529,12.3927431376262,-0.907901600084708,0.394670195380345,-0.0867321946644733
"Bandy","W",18.6020261288686,69.2,2.34,3.84,5.27,6.76,6.77529388803857,7.2596717703906,12.2966024437734,-0.933278266886994,0.393659546284391,-0.089252713512709
"Bandy","W",24.7007689307458,77,2.28,3.76,5.2,6.68,7.44270711002796,7.19524388317029,13.3880232019142,-1.03439261140772,0.407947550023754,-0.0987049097505152
"Bandy","W",29.5692040208016,82.4,2.31,3.81,5.23,6.69,7.01569625185179,7.24653499074536,12.7098720933713,-0.968144949387759,0.399423526271559,-0.0925747468165589
"Basket","M",20.841095890411,69.9,2.017,3.295,4.459,5.624,8.51928287796382,8.92458690258438,19.0077700980218,-0.954585682335258,0.46990436084153,-0.0884833797440173
"Basket","M",18.2054794520548,74.9,2.053,3.37,4.578,5.786,8.41820204443974,8.54171484196512,17.976470336413,-0.985540046722403,0.459868499683298,-0.0919244901895408
"Basket","M",20.9260273972603,77.7,2.114,3.491,4.718,5.97,7.82956594355486,8.30790503167274,16.2618225745682,-0.942423621082057,0.441782514654117,-0.088510119475962
"Basket","M",27.3945205479452,86,2.046,3.338,4.504,5.702,8.17162031965665,8.88409855076371,18.1493700598132,-0.919802979780564,0.46130098646414,-0.0856622196255267
"Basket","M",23.5452054794521,88,1.996,3.264,4.431,5.561,8.84101706874685,8.86431770789042,19.5923960395635,-0.997371412001307,0.475613824345802,-0.0925235500876815
"Basket","M",20.0712328767123,88.8,2.136,3.5,4.775,6.031,7.91052556340226,8.10980407887067,16.0382031200226,-0.975427456257838,0.439525026483081,-0.0918747440369689
"Basket","M",20.186301369863,88.8,1.968,3.158,4.291,5.38,8.91644960822319,9.39460816866086,20.9416375812166,-0.949102873493678,0.487829027913839,-0.0873991784116175
"Basket","M",25.5205479452055,92.8,1.987,3.261,4.412,5.559,8.8363867644428,8.91814679629328,19.701048578531,-0.990832172454881,0.476669195923193,-0.0918951888340697
"Basket","M",27.9178082191781,94.8,2.183,3.531,4.787,6.046,7.25060533815032,8.35552045504332,15.1456453035903,-0.867762262944843,0.428239300865899,-0.0818895130778592
"Basket","M",21.6602739726027,100.5,2.088,3.396,4.594,5.782,7.90769765856736,8.673094575435,17.1460524166752,-0.911750424233181,0.45101494982691,-0.0853846252650602
"Beach/volleyball","M",22,70.3,2.12,3.47,4.77,6.1,8.27992238200777,8.03119013105016,16.6244077300605,-1.03097078352011,0.445588255967414,-0.0968249690950786
"Beach/volleyball","M",25.4630136986301,71.2,2.04,3.37,4.6,5.84,8.78301404950794,8.34573546762767,18.3251779664126,-1.05239545197382,0.462889759221742,-0.0981641013064641
"Beach/volleyball","M",22,74.9,2.09,3.42,4.67,5.93,8.27268031038004,8.31398838551113,17.1947420043866,-0.995031497132823,0.451844668639944,-0.093162752921005
"Beach/volleyball","M",20,81.5,2.02,3.3,4.46,5.64,8.45413963288473,8.92547042125454,18.8642933076171,-0.947192611019424,0.468555524135627,-0.087959197152881
"Beach/volleyball","M",21.3682693746829,85,2.08,3.32,4.48,5.77,7.70356970487679,9.25744539863076,17.8288439793607,-0.832148543486543,0.456161986381463,-0.0774123128685482
"Beach/volleyball","M",30.758904109589,85.5,2.03,3.34,4.55,5.76,8.74963122593305,8.49521319867324,18.5824956685175,-1.02994839815198,0.46574016031676,-0.0960406728220217
"Beach/volleyball","M",20.3136269660071,86,2.12,3.48,4.76,6.03,8.14063917823064,8.075235915636,16.4343954670704,-1.00809923862014,0.443781472867889,-0.0948431438192946
"Beach/volleyball","M",26.4752742579909,86,2.05,3.4,4.64,5.85,8.74788396185175,8.2100269857232,17.9550908486945,-1.06551220563146,0.459107843131991,-0.0997374084964376
"Beach/volleyball","M",24,87.2,2.06,3.44,4.65,5.9,8.39066196465527,8.27613078152735,17.3605539407686,-1.01383873529205,0.453560142051083,-0.0950167393117835
"Beach/volleyball","M",28.1452054794521,87.2,2.04,3.34,4.53,5.71,8.44331016157843,8.6749296253263,18.3112803641238,-0.973300133401467,0.463278606294457,-0.0907291893953308
"Beach/volleyball","M",19.2369134322679,88,1.98,3.28,4.44,5.66,9.03252147573815,8.73926882627717,19.7344083388994,-1.03355574193796,0.476721130957019,-0.0959295521743517
"Beach/volleyball","M",25.6313477612887,88,1.97,3.17,4.32,5.59,9.04038559494419,9.22491273694101,20.8491920554147,-0.979996868560297,0.487106459097373,-0.0903643996239973
"Beach/volleyball","M",28.0684931506849,88,2.06,3.38,4.63,5.86,8.67276484454423,8.2792263326504,17.9509457694588,-1.0475332471999,0.459305635859853,-0.0980217204403247
"Beach/volleyball","M",19,89.4,2.05,3.38,4.59,5.8,8.4890901785243,8.44834966581705,17.9297005432066,-1.00482230427466,0.459431714635698,-0.0939294994063587
"Beach/volleyball","M",22.8383561643836,90,2,3.264,4.447,5.629,8.9214368625835,8.78201542195952,19.5870490283116,-1.01587579091188,0.47549035375389,-0.0943139052111303
"Beach/volleyball","M",30.4657534246575,90.1,2.008,3.288,4.444,5.59,8.58762923157422,8.90968767076799,19.1282735714209,-0.963853004606388,0.471224261654458,-0.0895227078275065
"Beach/volleyball","M",20.8040397640791,91,1.98,3.25,4.44,5.61,9.28388268133312,8.67352226109239,20.1309907764782,-1.07037053712062,0.47994794090715,-0.0993210263605103
"Beach/volleyball","M",20.1191133625063,92,2.09,3.42,4.75,6.09,8.92721239660973,7.88003595473396,17.5866886652078,-1.13288980505814,0.454101636419561,-0.10646932208497
"Beach/volleyball","M",23.7163586377473,94,2.08,3.45,4.64,5.86,7.97464335804539,8.46143274877498,16.8692271173915,-0.942469625986206,0.448395628420016,-0.0883994209489321
"Beach/volleyball","M",26,94.5,2.08,3.44,4.68,5.91,8.35029128184776,8.21192258697816,17.1429863963131,-1.01684973200904,0.451311466435043,-0.0954536103425047
"Beach/volleyball","M",36.3315068493151,97.6,1.98,3.21,4.37,5.58,8.99744697145285,9.02708506461001,20.3051797939056,-0.996716759292171,0.482243193850686,-0.0922541103005265
"Beach/volleyball","M",20.5930873287671,99,1.98,3.23,4.45,5.61,9.55511257209523,8.56507880285259,20.4600730375308,-1.11558956922999,0.482128754698633,-0.103591967365121
"Beach/volleyball","M",23.595807775241,100,2.03,3.27,4.47,5.64,8.64341415117102,8.81785841858215,19.0541005595489,-0.980216934868956,0.470589675422444,-0.0911923536933549
"Bobsleigh","M",27.2246575342466,88.3,1.882,3.064,4.088,5.13,9.18073822950458,10.1259471663983,23.2409175651241,-0.906654763118826,0.506815663555484,-0.0825256847624695
"Bobsleigh","M",26.5013698630137,88.5,1.903,3.043,4.149,5.185,9.63588800461024,9.68359123885126,23.3275001649989,-0.995073807530244,0.508065712542482,-0.0908308849713782
"Bobsleigh","M",27.9178082191781,88.7,1.908,3.075,4.151,5.191,9.27344314520025,9.81453310294646,22.753628681715,-0.944868497352791,0.503274020130526,-0.0863086627098378
"Bobsleigh","M",26.4027397260274,90.3,1.977,3.206,4.308,5.38,8.53588827505905,9.47503398627802,20.2194578773141,-0.900882074662839,0.480801507387635,-0.0831097448134077
"Bobsleigh","M",27.1068493150685,91.7,1.895,3.058,4.096,5.092,9.11154348516656,10.1404956934465,23.0988918679956,-0.89853038358421,0.505551450463709,-0.0818458699717084
"Bobsleigh","M",29.6547945205479,93,1.914,3.104,4.2,5.295,9.38156223858754,9.53682534518074,22.3675801335881,-0.983719623567222,0.500225660288651,-0.0901705359622335
"Bobsleigh","M",23.6383561643836,96.9,1.961,3.168,4.229,5.306,8.40211067997464,9.89091332584344,20.7761371224432,-0.849477738119614,0.484700443771237,-0.0780972970237312
"Bobsleigh","M",24.0164383561644,98.8,1.937,3.135,4.207,5.247,8.82507830273938,9.75511535467808,21.5224142143223,-0.904661603874043,0.492475512126339,-0.083055548552488
"Bobsleigh","M",27.441095890411,98.8,1.9,3.051,4.13,5.169,9.42685031109573,9.82966995937751,23.1657068286315,-0.959020023058099,0.506779786809872,-0.0875804398745163
"Combat sports","M",23.6356164383562,57.1,2.062,3.346,4.525,5.705,8.0489206593174,8.93989132846907,17.9891190014418,-0.900337639864327,0.459209290561411,-0.0835347416604772
"Combat sports","M",18.2575342465753,58,2.12,3.44,4.67,5.91,7.74222619442051,8.57392705669283,16.5953206618445,-0.902996508277604,0.444797970301129,-0.0843608973122608
"Combat sports","M",21.8480262874176,58,2.11,3.5,4.86,6.41,8.91881002888905,7.63245815997226,17.0181110955592,-1.16853703511445,0.447087891171618,-0.109826644227025
"Combat sports","M",24.7252758434805,62,2.08,3.36,4.58,5.77,8.14172857812837,8.70178004289363,17.7118828139536,-0.935639436758388,0.456893296491361,-0.0870931452432601
"Combat sports","M",20.3851047057331,63,2.14,3.47,4.69,5.91,7.45289853828319,8.62915755148133,16.0780589255127,-0.863687850618023,0.438455127768709,-0.080863167400368
"Combat sports","M",25.413698630137,64,2.039,3.334,4.508,5.682,8.3122584784594,8.84857381065142,18.3879081699652,-0.939389630050163,0.463718983011885,-0.0872055112456832
"Combat sports","M",20.5080127790462,64.5,2.11,3.39,4.63,5.87,7.92771703351248,8.62866985815403,17.1014132527608,-0.9187646721726,0.450434293650821,-0.0857563870841059
"Combat sports","M",18.3890410958904,64.9,2.17,3.51,4.75,6,7.26670641239881,8.51985994632295,15.4778302261712,-0.852913834051348,0.431506426907848,-0.0800849368554396
"Combat sports","M",18.3963159880771,66,2.19,3.52,4.75,5.95,6.99619838641578,8.67287563949725,15.1692896386588,-0.806675741383205,0.426529546670965,-0.0757761586722092
"Combat sports","M",20.9792820903095,67,2.08,3.39,4.64,5.9,8.38859549957027,8.38675413846295,17.5882720054782,-1.00021955587071,0.455843502769159,-0.0934074364757438
"Combat sports","M",25.2291775748351,67,2.05,3.37,4.59,5.78,8.55227308037836,8.46843358576129,18.1060891471196,-1.00990023642129,0.461043931721815,-0.0941186782119697
"Combat sports","M",17.6602739726027,69.8,2.24,3.61,5,6.36,7.50714442981245,7.6964652973966,14.4446191466489,-0.975401582379877,0.421117026970638,-0.0923823131184142
"Combat sports","M",27.4191780821918,71,2.08,3.39,4.62,5.84,8.23491138301293,8.49662882601259,17.4922463591417,-0.96919749604709,0.454902317758724,-0.0905129672526621
"Combat sports","M",20.5524715563166,72,1.97,3.23,4.41,5.55,9.32870867414158,8.78921629348,20.4980095689734,-1.06138117013479,0.483300703102313,-0.0981052260459495
"Combat sports","M",23.4520547945205,73.2,2.079,3.354,4.532,5.702,7.84539957758252,8.98260563667736,17.6180326168947,-0.873399088739747,0.455066245215932,-0.0813140138412178
"Combat sports","M",21.9178082191781,73.6,2.105,3.407,4.583,5.779,7.53805515151348,8.94357372059326,16.8542879893646,-0.842845979360189,0.446346078891481,-0.0786883622238578
"Combat sports","M",26.650548325723,74,2.17,3.56,4.85,6.18,7.62369223160734,8.01860437066335,15.2828429622397,-0.95075051457822,0.430872709571954,-0.0896818346256812
"Combat sports","M",28.8480208967529,74,2.02,3.3,4.52,5.74,8.95458224785797,8.55447769860265,19.1504435349011,-1.04677135920533,0.470997420631081,-0.0973013397958806
"Combat sports","M",25.1198010844749,75,2.02,3.25,4.44,5.62,8.68158195662637,8.94812479008256,19.4209696808055,-0.97021243671617,0.473933186962054,-0.0898687521347213
"Combat sports","M",21.300412798072,76,1.97,3.2,4.34,5.47,8.95381845601609,9.18491574190407,20.5600170217034,-0.974839476770194,0.484442029443146,-0.089864957651037
"Combat sports","M",27.427397260274,79.8,2.037,3.303,4.444,5.603,8.07773849092535,9.17562467371888,18.5295741512958,-0.880347527080295,0.464380675502881,-0.0816968885196736
"Combat sports","M",29.9628186199899,83,2.17,3.47,4.68,5.87,7.07690731523518,8.85059946407907,15.6587180228894,-0.799596382590516,0.431902492810067,-0.0750715818038562
"Combat sports","M",22.5397260273973,84,2.08,3.36,4.57,5.78,8.07921444363065,8.71784057999967,17.6083258828007,-0.926744916873779,0.455901170581021,-0.0865210282344013
"Combat sports","M",34.2696912100457,84,2.06,3.31,4.48,5.61,8.01516141678806,9.0808782487096,18.1961762424018,-0.882641656155561,0.461158177606472,-0.0820792403846352
"Combat sports","M",19.0712328767123,84.1,2.109,3.417,4.663,5.859,8.00165601319534,8.43910096242011,16.8816957404779,-0.948164508142189,0.448518850599423,-0.0888668739265297
"Combat sports","M",18.5990272704211,85,2.06,3.39,4.62,5.86,8.51412233842791,8.3575557210622,17.7893129648379,-1.01873354155105,0.45791446611561,-0.0952899716194133
"Combat sports","M",24.9469707952816,85,1.94,3.12,4.25,5.31,9.29659664256056,9.40062525340823,21.8484552922013,-0.988933862584305,0.495789266910998,-0.0907914883365387
"Combat sports","M",22.651112950279,85.5,2,3.2,4.3,5.37,8.20814686029078,9.72502687996389,19.9561122127548,-0.844023051206338,0.47705522890838,-0.0777786590182148
"Combat sports","M",19.1835616438356,87.9,2.099,3.424,4.656,5.887,8.02731986765835,8.43272958603878,16.9230544361499,-0.951924259607278,0.448997938370258,-0.0892421244483795
"Combat sports","M",17.3628359335363,91.3,2.06,3.32,4.52,5.74,8.25114120397848,8.81127464899351,18.1757678289703,-0.936429918788309,0.461764413508434,-0.0872847801562857
"Combat sports","M",17.7743765854896,95,2.09,3.39,4.55,5.7,7.60549352749283,8.98695632024687,17.0875595313746,-0.846281350044874,0.449012387003862,-0.0791043762572866
"Combat sports","M",16.727791920345,98,2.16,3.44,4.62,5.77,6.99239898693228,9.11451292469786,15.9330777352596,-0.767171986556163,0.433582219124881,-0.071973463291983
"Combat sports","W",24.9601080035515,50,2.33,3.89,5.41,6.87,7.44675905043057,6.79382941392106,12.6480026687995,-1.09610627478688,0.397396678567389,-0.104803298287939
"Combat sports","W",15.8564961314054,52,2.19,3.58,4.91,6.22,7.6595314261229,7.8816746071594,15.0924835860031,-0.971815230631988,0.42863454062146,-0.0916008854014419
"Combat sports","W",21.5090657978184,55.6,2.41,3.97,5.44,6.93,6.37263827753426,7.04421636258748,11.2225607068645,-0.904662484727182,0.378278690415601,-0.0867875826214363
"Combat sports","W",16.0953017820903,56.2,2.33,3.84,5.3,6.78,7.04627181633221,7.12321884927699,12.5480340548067,-0.989197716008319,0.397144606839595,-0.0944694447839443
"Combat sports","W",22,57,2.22,3.7,5.05,6.41,7.5087493905171,7.52966919851314,14.1345997512827,-0.997221682992373,0.417308318990255,-0.0945541686978687
"Combat sports","W",19.0013779173009,57.5,2.17,3.55,4.85,6.18,7.68198766983238,8.02344990804234,15.4090108157748,-0.957441967965963,0.432270080133843,-0.090154743683038
"Combat sports","W",33.4870668125317,58.5,2.41,4,5.52,7.06,6.65541786450163,6.77791102103387,11.2774575233478,-0.981927594482709,0.37960134082405,-0.0943558157424026
"Combat sports","W",30.0076207191781,61,2.33,3.81,5.23,6.69,6.80235159721477,7.36089634846715,12.517851258232,-0.924120008649667,0.396490533316002,-0.0881903701840264
"Combat sports","W",31.814875602486,61,2.29,3.8,5.24,6.69,7.34393016544823,7.14796255376442,13.1235344550212,-1.02741586993634,0.404537318630766,-0.0979962179321984
"Combat sports","W",28.708045884069,61.6,2.34,3.82,5.24,6.69,6.70826019285061,7.37289839741092,12.3648302063209,-0.909853877168075,0.394280856900737,-0.0868720431187104
"Combat sports","W",26.563341768138,62,2.34,3.89,5.41,6.95,7.33672458216619,6.80578074286562,12.4830347192539,-1.07801365623733,0.395583699156821,-0.103255378691355
"Combat sports","W",16.6093620941147,63,2.34,3.83,5.23,6.66,6.60099966491865,7.43004384546521,12.2614292335617,-0.888420015037657,0.392571730822755,-0.0848424670602761
"Combat sports","W",27.6849315068493,63,2.26,3.7,5.05,6.41,7.06331553597971,7.7010934588579,13.5988132679957,-0.917183458909383,0.410383918517448,-0.0870827592258208
"Combat sports","W",18.7464190131913,65,2.28,3.7,5.08,6.39,7.03882787048735,7.64488818521799,13.452763006218,-0.920723455981671,0.408601754501097,-0.0875072342711459
"Combat sports","W",24.3911930175038,67.2,2.3,3.84,5.23,6.74,6.9539355236929,7.26486013155688,12.6298422358734,-0.957201569991225,0.398255932554393,-0.091425327191245
"Combat sports","W",27.4724127346525,70,2.26,3.7,5.06,6.44,7.12848864492517,7.63946386719124,13.6144578576472,-0.93311373269785,0.410788246182007,-0.0886891912350714
"Combat sports","W",16.8514546232877,70.3,2.25,3.7,5.08,6.45,7.36405371205411,7.50315106177341,13.8134018571388,-0.981461475508874,0.413476628580842,-0.0933048006862592
"Cross country skiing","M",18.0477988647894,66,2.16,3.53,4.78,6.05,7.45119289904588,8.3154459777404,15.4899980054347,-0.896066539184064,0.432574822474116,-0.0842415775044261
"Cross country skiing","M",24.6684931506849,69,2.121,3.435,4.647,5.799,7.60979044707505,8.68834532051459,16.5291218052353,-0.875861877762513,0.443678558891721,-0.0819238079708257
"Cross country skiing","M",23.0575342465753,70.5,2.26,3.664,4.952,6.262,6.68555160620702,8.15515766643427,13.6304318589253,-0.819794279848692,0.408625250822363,-0.0776625063591124
"Cross country skiing","M",24.8589171106038,71,2.06,3.32,4.48,5.64,7.93374007722106,9.14188572361903,18.1323362867128,-0.867845028594418,0.460116248859428,-0.0805653672339482
"Cross country skiing","M",18.5552967402334,72,2.05,3.36,4.56,5.75,8.38845503049614,8.61941491179643,18.075893594198,-0.973204691540698,0.460841606582155,-0.0906684298220815
"Cross country skiing","M",21.5917808219178,72,2.148,3.487,4.772,6.05,7.82233797586003,8.19193028837221,16.020011847583,-0.954883366984118,0.439170784746884,-0.0897551714845313
"Cross country skiing","M",23.8986301369863,72,2.133,3.526,4.81,5.979,8.02070128452811,7.98238249002584,16.0060763728362,-1.00480042074533,0.439035663525232,-0.0945805960190661
"Cross country skiing","M",19.1933005771182,73.5,2.14,3.5,4.8,6.05,8.03556133570857,8.02205414216784,16.1154270244412,-1.00168375746428,0.440261490612539,-0.0942476285698644
"Cross country skiing","M",30.5534246575342,74,2.23,3.616,4.928,6.176,7.11946533515992,8.01753063282903,14.2701328535023,-0.887987294492915,0.418229863096896,-0.0840303321328569
"Cross country skiing","M",20.1847860540335,76.5,1.95,3.12,4.27,5.34,9.32472826704714,9.33702375364563,21.7663023314275,-0.99868314712237,0.495010068544149,-0.0916565172221608
"Cross country skiing","M",18.8648799467275,78,2.05,3.39,4.58,5.77,8.32999771262608,8.54711141659211,17.7993546374431,-0.974598002367846,0.458095019984381,-0.0909783894549367
"Cross country skiing","M",18.7106737696601,79,1.98,3.22,4.31,5.37,8.39277212297428,9.55381378343849,20.0457454974325,-0.878473488516505,0.4787208235566,-0.0809447428146776
"Cross country skiing","M",22.5643835616438,79,2.242,3.611,4.911,6.166,6.92526482584595,8.15794424728058,14.1239810867261,-0.848898278283093,0.415615438289676,-0.0803535068008796
"Cross country skiing","M",19.1059899797057,80,2,3.25,4.39,5.53,8.54464283648208,9.15914277828567,19.5654009321988,-0.93290857488755,0.475107684340552,-0.0863074513194649
"Cross country skiing","M",24.1013698630137,80,2.198,3.62,4.956,6.286,7.63744013720602,7.71530840020187,14.7313015116561,-0.98990730390067,0.424576769523047,-0.0937579200455893
"Cross country skiing","W",28.0370325976662,52,2.43,4.03,5.54,7.05,6.42139925764007,6.8212865586454,10.9505511109589,-0.941376557403457,0.374671253460457,-0.0904568260509228
"Cross country skiing","W",17.8532799657534,53,2.17,3.53,4.8,6.12,7.46596341410989,8.27651997157677,15.4480488259855,-0.902065534759719,0.432129698211402,-0.0847347991064283
"Cross country skiing","W",18.546516013445,60,2.16,3.5,4.78,6.05,7.64529387176835,8.2524135641115,15.7730317122499,-0.926431257034497,0.436164640132633,-0.087044266736681
"Cross country skiing","W",20.1465174720954,60,2.38,3.98,5.51,7.05,7.01182496534908,6.69087928691071,11.7288186060244,-1.04796763843375,0.385656644695553,-0.100641228919423
"Cross country skiing","W",18.9903523909183,61,2.28,3.73,5.14,6.52,7.23080554655506,7.42667676247639,13.4252138816465,-0.973625994211707,0.40855456114182,-0.0926185280488379
"Cross country skiing","W",17.5718304160325,63,2.28,3.72,5.08,6.5,6.92404457422182,7.68305403427202,13.2994521498636,-0.901209928152989,0.406389906336287,-0.0856571793536658
"Cross country skiing","W",19.2321181506849,64.5,2.25,3.7,5.07,6.42,7.29714953961668,7.55800655192225,13.7879760076948,-0.965486003417234,0.413103554943813,-0.0917072058478215
"Cross country skiing","W",19.3028947234906,66,2.19,3.64,5.04,6.4,8.20544522361432,7.35590172128713,15.089612161078,-1.11549141553492,0.42726732490826,-0.105742221125313
"Fencing","M",23.3643835616438,68.7,2.099,3.434,4.67,5.878,8.05142468194843,8.4056515156825,16.9193675203058,-0.957858491626355,0.448874723242685,-0.0896339241481457
"Fencing","M",24.4931506849315,74,2.07,3.38,4.6,5.81,8.28705090058484,8.53170387706968,17.6756660744984,-0.97132425362976,0.456806160209383,-0.0906742117253561
"Fencing","M",23.9890410958904,74.1,2.13,3.47,4.71,5.95,7.7148943717046,8.41216405345076,16.2247392774557,-0.917111735183037,0.441106486724769,-0.086055818027423
"Fencing","M",23.7643835616438,74.7,2.16,3.54,4.82,6.05,7.6649415046165,8.08910164065798,15.5006227251352,-0.947563999701828,0.433338604101473,-0.0892903179278141
"Fencing","M",18.4858993531202,75,2.14,3.54,4.87,6.16,8.28397368655084,7.74155799871558,16.0327156885668,-1.07006544263122,0.438733697221796,-0.100921286981836
"Fencing","M",21.9013698630137,76.4,2.124,3.468,4.711,5.95,7.80908888839568,8.36228572877283,16.3254581415374,-0.933846216415003,0.442397607444571,-0.0876467484020319
"Fencing","M",20.1808219178082,78,2.18,3.54,4.78,6.08,7.17482623057233,8.43145047098563,15.1235480002498,-0.850959897737928,0.427491344812921,-0.0801605029668545
"Fencing","M",20.1890410958904,78,2.192,3.543,4.833,6.112,7.36961514877555,8.18804017900274,15.0856762354904,-0.900046285517023,0.428088385583686,-0.0849030901923683
"Fencing","M",22.2478942795535,78,2.09,3.47,4.7,5.94,8.15020482355261,8.23365969484288,16.7765032400998,-0.989864182589118,0.447466314001622,-0.0928705859371719
"Fencing","M",20.1561643835616,94,2.2,3.62,4.92,6.21,7.3793486874875,7.88298309674659,14.5428202421158,-0.936111190005348,0.422226079798663,-0.088722097132463
"Fencing","W",18.6684931506849,59,2.29,3.75,5.11,6.5,6.83129956014615,7.64415614676994,13.0548801307795,-0.893663005959491,0.403109137415093,-0.0849831870750931
"Fencing","W",17.5874101661593,62,2.34,3.91,5.41,6.91,7.22549535092819,6.82439966253247,12.3274170086261,-1.05877376886319,0.393757329308678,-0.101441782417247
"Fencing","W",20.4739726027397,66,2.28,3.72,5.1,6.44,7.04543954630956,7.5815397870488,13.3538200593982,-0.929288738726264,0.40744393686885,-0.0883899390759333
"Fencing","W",18.9342465753425,68,2.4,3.94,5.42,6.92,6.51202739105036,7.02344061898309,11.4342094225584,-0.927184800772649,0.381646397486481,-0.0890151246058708
"Fencing","W",19.0339296042618,68,2.39,3.96,5.45,6.95,6.67102822666537,6.89852488757388,11.5050635618397,-0.967022419340938,0.382888313599872,-0.0928817712839764
"Handball","M",29.4794520547945,77.7,1.986,3.269,4.446,5.624,9.07726135167695,8.73326696573437,19.8185366754844,-1.0393889694764,0.477387843357007,-0.0963520773057095
"Handball","M",23.6699183155758,79.4,2.01,3.23,4.39,5.52,8.56734735338019,9.17435108250748,19.6499631164253,-0.933836875908897,0.475904298748544,-0.0863568996042589
"Handball","M",23.1219395611365,83.7,2,3.24,4.38,5.53,8.543097823889,9.19817511759641,19.645227457722,-0.92878181972702,0.475836374065737,-0.0859195606269372
"Handball","M",28.1452054794521,84.5,1.972,3.203,4.345,5.473,8.94805592946064,9.1532280304814,20.4758990879636,-0.97758472744943,0.483741144152478,-0.0902491738374188
"Handball","M",21.7191931126332,85,2.04,3.32,4.51,5.69,8.43370680087908,8.7614883689586,18.4729560107773,-0.96258836920439,0.46483629840748,-0.0896191582060997
"Handball","M",27.8617014205987,85.3,2,3.23,4.38,5.47,8.62469390594495,9.1662434495592,19.7640110049553,-0.94091914025693,0.477064377575975,-0.0870439714992797
"Handball","M",24.5791895928463,86.7,2.06,3.26,4.4,5.54,7.78845865068586,9.55710282061182,18.6087750346721,-0.814939296654681,0.463322237902522,-0.0755122879892475
"Handball","M",21.9521417427702,89,2.03,3.28,4.44,5.55,8.31592949692029,9.06962362423896,18.8555876556935,-0.916899073374513,0.468219814528381,-0.0851374801911256
"Handball","M",26.5797637303399,94.4,2.02,3.25,4.41,5.53,8.44406908667238,9.12573547702175,19.2645852086672,-0.925302854540789,0.47226849235724,-0.0858248149070921
"Handball","M",22.7630121131405,96.2,2.05,3.31,4.46,5.62,7.99298259541423,9.13782224890066,18.259613548863,-0.874714169054431,0.461682338403274,-0.0813945834815018
"Handball","M",21.9659453640284,96.6,2.03,3.24,4.37,5.5,8.0765808823995,9.48137241067769,19.1442677877474,-0.851836689096175,0.469725489567243,-0.0788986996049462
"Handball","M",24.013698630137,97.4,2.08,3.4,4.62,5.81,8.17481361099597,8.47417248709502,17.318695147358,-0.964673969457792,0.453239838469032,-0.0903773364618207
"Handball","M",23.4917763508371,98.4,2.08,3.36,4.55,5.72,7.93569913739584,8.8294298770583,17.5169247647672,-0.898778205149501,0.454654671440088,-0.0839865416985475
"Handball","M",31.7917808219178,99,1.95,3.17,4.29,5.37,9.07498547188562,9.28863973665786,21.0735676659374,-0.976998325822774,0.48914631456723,-0.090084094790699
"Handball","M",20.2641149797057,100,2.05,3.28,4.43,5.57,7.98923609232151,9.27184308277996,18.5187358498218,-0.861666447651539,0.463948312129232,-0.0800825699116334
"Handball","M",19.3205479452055,103.9,2.06,3.34,4.49,5.66,7.88093918988458,9.05957919897501,17.8494981882663,-0.869901241194097,0.457496923701718,-0.0811371238959749
"Handball","M",20.3438887303399,105.5,2.1,3.38,4.64,5.88,8.21914824878812,8.41558143955626,17.2922278628656,-0.976658393459918,0.453021111859776,-0.0915917682217889
"Handball","M",19.1410780695079,106.3,1.97,3.18,4.24,5.37,8.2808333773064,9.89794673563275,20.4908119238072,-0.836621331522758,0.481798204826758,-0.0770493709927813
"Handball","W",29.455986586758,61,2.04,3.31,4.49,5.69,8.33882234169318,8.91137109001094,18.5775850851255,-0.935750768031695,0.465573663326987,-0.0868152608049999
"Handball","W",22.2667612886859,63,2.08,3.35,4.59,5.83,8.29859390182469,8.59621178278636,17.8341176698561,-0.965378019006275,0.45836496067508,-0.089979334357687
"Handball","W",23.2246575342466,66,2.11,3.43,4.7,5.96,8.1663532803032,8.2783729449139,16.9010295135677,-0.986468395981179,0.448754368264939,-0.0924311700127488
"Handball","W",23.5688269913749,66,2.12,3.5,4.76,6.04,7.9960699537279,8.13311324224787,16.2582356066512,-0.983149959377414,0.441850798003601,-0.0923819061732491
"Handball","W",35.9847081430746,66,2.23,3.62,4.93,6.24,7.10705676341513,8.01857920859409,14.2471243993546,-0.886323696322409,0.417910098311412,-0.0838609135753399
"Handball","W",19.8264158422121,67.4,2.18,3.59,4.91,6.21,7.72549264704573,7.81491185595537,15.0935110201234,-0.988557873644922,0.428772773578937,-0.0934152596754356
"Handball","W",24.2082191780822,68,2.15,3.54,4.81,6.08,7.71544701239038,8.09112876941292,15.6066688227082,-0.953568683958814,0.43456797355712,-0.0898211980818708
"Handball","W",24.8456640030441,68,2.04,3.31,4.49,5.66,8.34399613537796,8.89261724944266,18.5499909906862,-0.938306001633087,0.465382086508389,-0.0871604572108192
"Handball","W",28.7490274289701,69,2.12,3.43,4.68,5.91,7.89503773686554,8.44449395641374,16.6673996136549,-0.934933197609683,0.446087779919554,-0.087602311350445
"Handball","W",31.7546454528158,69.5,2.15,3.5,4.76,6.02,7.62975139714444,8.29066573235,15.8139296136637,-0.920282115267693,0.436621696937511,-0.0865421748405635
"Handball","W",24.8456594368341,69.6,2.12,3.43,4.68,5.88,7.89539494276932,8.44320000357569,16.6655996522553,-0.935118786647909,0.446074207799395,-0.0876271954849638
"Handball","W",24.3972602739726,70,2.03,3.26,4.42,5.55,8.30445721711209,9.18677714709559,19.0727994452996,-0.903957621279357,0.470052124808517,-0.08370400009757
"Handball","W",30.7687651572806,71,2.09,3.45,4.68,5.93,8.1368860909614,8.31035545648859,16.9051039312118,-0.979126119642482,0.448832957285059,-0.0917772792183302
"Handball","W",30.7765966197362,71,2.15,3.51,4.81,6.1,7.91638761278965,8.03106590788653,15.8942576676726,-0.985720663183169,0.437875199755339,-0.0928365592061404
"Handball","W",25,71.5,2.22,3.63,4.98,6.35,7.47827180478352,7.72124562331184,14.4353933606553,-0.96853178484638,0.421041874227631,-0.0917940876017012
"Handball","W",19.8203736998985,72,2.04,3.34,4.52,5.69,8.35885382611905,8.75502077934033,18.2954847347852,-0.954749741524755,0.463011455730076,-0.0888798058675692
"Handball","W",29.8586787163876,72,2.15,3.46,4.68,5.88,7.34957914289649,8.69634313800703,15.9786155366419,-0.845134446314042,0.436978888031807,-0.0792814272457398
"Handball","W",33.2807187975647,72,2.09,3.42,4.65,5.9,8.12152356627579,8.42355145421581,17.1030179117876,-0.964144827798391,0.450895272256899,-0.0902644632844271
"Handball","W",23,72.8,2.239,3.654,4.997,6.328,7.23207749153896,7.7649561541693,14.0391911563387,-0.93137389934337,0.416042371033546,-0.0883684265783209
"Handball","W",19,73.4,2.149,3.536,4.832,6.118,7.91343894445465,7.95372345664177,15.7353262388029,-0.994935137938008,0.436102619188172,-0.0938177450286661
"Handball","W",25.7025114789447,73.4,2,3.23,4.37,5.52,8.53797271782151,9.25263176462386,19.7496793936018,-0.922761538016162,0.476721841011277,-0.0852712877642615
"Handball","W",28.7657100773719,75,2.15,3.48,4.76,6.02,7.76610377459925,8.23810739109212,15.9944992263786,-0.942704847838807,0.438872036241449,-0.0886816331910099
"Handball","W",24.6587289764079,77,2.2,3.59,4.85,6.12,7.10698607270821,8.22435541781317,14.6125948528501,-0.864138976449772,0.421881723341456,-0.081672820365437
"Handball","W",26.6602739726027,77.5,2.17,3.53,4.81,6.07,7.54882715971184,8.16144722983186,15.4023386277774,-0.924937323875505,0.432084040472275,-0.0872295487334252
"Handball","W",30.5342465753425,78,2.2,3.64,4.96,6.3,7.5185496865139,7.7292811308788,14.5282460558866,-0.972735958131601,0.422194101423599,-0.0922176491815937
"Handball","W",27.0100578703704,78.1,2.18,3.54,4.82,6.1,7.43889200226082,8.17844066464155,15.2096342127917,-0.909573390245639,0.429695000426309,-0.0858294601571217
"Handball","W",20.7534246575342,79,2.18,3.53,4.83,6.13,7.57058998409268,8.101047352028,15.3324269859809,-0.934519902812008,0.431387820799717,-0.0881948885589214
"Handball","W",20.4972044964485,80,2.19,3.59,4.95,6.3,7.88937689065387,7.65309434348492,15.0945364138709,-1.03087411922082,0.428650433459588,-0.0976335980223871
"Handball","W",17.372602739726,81,2.18,3.59,4.91,6.23,7.73186234735838,7.79341235553535,15.0643978873003,-0.992102303154374,0.428506099656128,-0.0938923887402427
"Handball","W",22.2176959982243,82,2.22,3.59,4.9,6.18,7.21271330116319,8.04053465219609,14.4985178085896,-0.897043991868526,0.42120114609434,-0.0849318399455565
"Handball","W",31.2204522767631,83,2.34,3.81,5.18,6.55,6.44070969582224,7.59807187816883,12.2342438038191,-0.847676857904966,0.391424251697844,-0.0810434761133905
"Handball","W",22.3572928716388,87,2.14,3.54,4.82,6.08,7.91997035446574,7.95668871878462,15.7541846931215,-0.99538522045833,0.436381748282865,-0.0939643566619973
"Ice hockey","M",24.346418600964,75.5,2.02,3.21,4.36,5.5,8.34809705455027,9.42873560486884,19.6779999827847,-0.885388816103769,0.475437063885846,-0.081700479410629
"Ice hockey","M",21.4345661149163,77,1.98,3.15,4.26,5.37,8.54297559544062,9.74866055180228,20.8206422955704,-0.876323013817651,0.485661243834541,-0.0804341548398044
"Ice hockey","M",20.3764314117199,79,2.03,3.27,4.44,5.61,8.38845621053157,9.06089012732413,19.0017200153741,-0.925787212145442,0.469677136301093,-0.085838099010059
"Ice hockey","M",20.9627037671233,80,2.02,3.22,4.34,5.43,8.11252705486798,9.62382661014271,19.5183884365353,-0.842962719872577,0.472921566982399,-0.077784035668558
"Ice hockey","M",20.3051697108067,80.5,1.94,3.17,4.29,5.38,9.21986575686791,9.24847457195476,21.3174235023073,-0.996906644997046,0.491163265545476,-0.0917126149841746
"Ice hockey","M",28.0366664764079,81.5,2.18,3.46,4.68,5.87,7.03804757552527,8.89222847183935,15.6459817593114,-0.79148298964809,0.431422108070436,-0.0742876279331919
"Ice hockey","M",18.4507438165906,83,2.03,3.28,4.45,5.59,8.39321549319156,9.00831362698093,18.9021793753763,-0.931718836703567,0.46880400069067,-0.0864810131472078
"Ice hockey","M",22.4450188039066,83,2.08,3.41,4.62,5.81,8.09719512596582,8.5170429554192,17.2410396765655,-0.950704976873899,0.452301239891411,-0.0889568752512764
"Ice hockey","M",27.5655445522577,83,2.15,3.49,4.74,6.02,7.56131540389634,8.37477025520386,15.8310698336915,-0.902868397995508,0.436617563359087,-0.084920386598608
"Ice hockey","M",22.2395544774226,83.5,1.98,3.18,4.28,5.35,8.46681497964927,9.66500949712361,20.4579617971747,-0.876027590264559,0.48244821572386,-0.080606034154116
"Ice hockey","M",22.5765827625571,86,1.95,3.16,4.31,5.41,9.34051112767484,9.13689167585998,21.3358095926824,-1.02228541817485,0.491228163797146,-0.0941785743365903
"Ice hockey","M",23.5167415334855,86,1.97,3.23,4.48,5.65,10.0124363861409,8.36382706832339,20.9355716165677,-1.19711183700358,0.484052746558337,-0.111129538076173
"Ice hockey","M",26.491673325723,86.5,1.98,3.2,4.32,5.43,8.64191070061191,9.38985517797431,20.2865724849331,-0.920345472514118,0.481670637398593,-0.0848982003838686
"Ice hockey","M",15.6150995053272,87,2.03,3.31,4.48,5.62,8.40556367891111,8.86968764798788,18.6386810843034,-0.947673019896923,0.466396875410308,-0.0881435758518079
"Ice hockey","M",23.0949980022831,87,1.98,3.23,4.39,5.59,9.00081820044733,8.95596619844897,20.1527558903976,-1.0050080584277,0.480770250506753,-0.0930179334368317
"Ice hockey","M",19.7287671232877,88,2.051,3.313,4.476,5.64,8.07690693776674,9.04791448657111,18.2697908222266,-0.892681617377625,0.462102902234875,-0.0830425271332402
"Ice hockey","M",21.7827354134957,88,2,3.28,4.44,5.59,8.73095033860429,8.86793498127467,19.3563749818702,-0.984552813821974,0.473412579674694,-0.091392796375916
"Ice hockey","M",30.0973014332826,88,2.08,3.36,4.55,5.73,7.9312508068915,8.84630122314529,17.5405584285191,-0.896561241453132,0.454812134188418,-0.0836907327164267
"Ice hockey","M",32.2615816527144,88,2,3.33,4.5,5.73,8.85172015704898,8.59232118976622,19.0142056678232,-1.03018962647622,0.469938472460534,-0.0959055026494741
"Ice hockey","M",28.5408589548452,89,2.06,3.35,4.54,5.68,8.18095914429782,8.7565602683084,17.9092654499031,-0.934266297909947,0.459059909188955,-0.0871641821749055
"Ice hockey","M",27.965619514206,90,1.94,3.18,4.32,5.42,9.41769178062795,9.043595016547,21.2924476136657,-1.04136593505088,0.490700774326885,-0.0960542448413326
"Ice hockey","M",21.439417078894,91,1.98,3.23,4.38,5.49,8.91466205049036,9.0181495174504,20.0984388172158,-0.988524534134216,0.480339469224995,-0.0915011350652152
"Ice hockey","M",18.9846482115677,92,2.08,3.33,4.5,5.67,7.78089672193473,9.11779518387261,17.7361556643667,-0.853374808824116,0.455884109963133,-0.0795228594840425
"Ice hockey","M",24.8986301369863,92,2.046,3.336,4.501,5.658,8.16583840877184,8.88951708632177,18.14759001473,-0.918591902065924,0.46129886895725,-0.0855949671767487
"Ice hockey","M",23.4591576610858,92.5,2.03,3.31,4.49,5.66,8.48906921588372,8.79362712444697,18.6624273295257,-0.965366065190943,0.46674093841551,-0.0898713928803172
"Ice hockey","M",26.8287991184678,93,2.04,3.34,4.52,5.68,8.36587197932399,8.73029423444976,18.2591309768093,-0.958257735038556,0.462745152024125,-0.0893547439970553
"Ice hockey","M",34.7929522450533,93,2.14,3.48,4.73,5.96,7.67871307498723,8.33958300196735,16.009316259287,-0.920755039331797,0.438882522182838,-0.0866447576374151
"Ice hockey","M",26.3682863077118,93.5,2.03,3.21,4.32,5.43,7.92026468205655,9.82183851513989,19.4478901760813,-0.806393290812901,0.471066610202392,-0.0744640549556381
"Ice hockey","M",30.3123287671233,94,2.09,3.378,4.518,5.721,7.46146890382861,9.20054544087507,17.1623959263378,-0.810981147995824,0.44862955694115,-0.0757013793446459
"Ice hockey","M",34.8805747399797,95,2.12,3.44,4.64,5.92,7.55248288402057,8.69013192498776,16.4080181558377,-0.869087253129498,0.442364594194982,-0.0815396693849856
"Ice hockey","M",28.6398962772704,96,2.04,3.29,4.45,5.59,8.19149564356461,9.08274618143786,18.6003189442129,-0.901874331829874,0.465554646880111,-0.0838554412513177
"Ice hockey","M",27.0396100963978,99,1.95,3.14,4.21,5.29,8.62366411089799,9.8589365259703,21.2550392726578,-0.874705308040236,0.489579513422605,-0.0803244831009887
"Ice hockey","M",27.2177845636733,102,2.04,3.31,4.48,5.62,8.27819521297478,8.91301393379642,18.4459173199828,-0.928776200111779,0.464417846680204,-0.086523861491213
"Ice hockey","M",20.612136732623,112,2.12,3.47,4.73,6.02,7.99635964584919,8.18774977832857,16.3680479794343,-0.976624819069832,0.443226874722479,-0.0919982620759713
"Mogul skiing","M",21.3753424657534,64.6,2.114,3.377,4.565,5.721,7.50832090370502,9.07898705180864,17.0419870663905,-0.826999847104008,0.447765270675645,-0.0770068327900148
"Mogul skiing","M",18.4739726027397,66.5,2.005,3.251,4.408,5.519,8.60821599578902,9.09741144260343,19.5781206751232,-0.946226962482593,0.475238592632518,-0.0874141254195572
"Mogul skiing","M",20.65873170345,67,2.01,3.29,4.47,5.61,8.7485072404797,8.79930530878855,19.245196551282,-0.994227036507289,0.472207935772783,-0.0921384569746837
"Mogul skiing","M",19.4931506849315,67.7,2.014,3.302,4.473,5.639,8.62181366663452,8.83177034053761,19.0364695556562,-0.976227113499613,0.470230361579572,-0.0905121002811861
"Mogul skiing","M",27.0904109589041,67.8,2.06,3.309,4.507,5.665,8.22016909331501,8.91970554123137,18.3303719528752,-0.921574042474524,0.463003753612411,-0.08557562708429
"Mogul skiing","M",16.6219178082192,69,2.012,3.266,4.441,5.588,8.66825963671791,8.94417905881519,19.3826165797763,-0.969150950547514,0.47352477673595,-0.0897115915640671
"Mogul skiing","M",20.3068493150685,69.8,2.051,3.337,4.576,5.763,8.6798275163744,8.48346059565627,18.4087436780638,-1.02314703044872,0.463989720799882,-0.095297839574069
"Mogul skiing","M",19.8534741248097,74,2.05,3.33,4.53,5.69,8.37635135704681,8.73859671843172,18.2993891202801,-0.9585465066009,0.463038888988427,-0.0891948497380946
"Mogul skiing","M",20.2154296993912,75,2.06,3.32,4.51,5.62,8.16507197236458,8.91104753515033,18.1898361184161,-0.916286434356546,0.461595023948562,-0.0852074617076135
"Mogul skiing","M",22.9027923008625,77,2.08,3.36,4.53,5.69,7.77852596839547,9.01275749966393,17.5264920644967,-0.863057279493597,0.453912184464722,-0.080399438141698
"Mogul skiing","M",19.3287671232877,78,2.054,3.334,4.515,5.699,8.17815439293169,8.86686655250796,18.128650911983,-0.92232744730082,0.46107782979243,-0.0858390464852894
"Mogul skiing","M",27.089087962963,79,2.09,3.42,4.69,5.91,8.43100113778032,8.19661661904231,17.2764210102737,-1.02859527651854,0.4525417706293,-0.0964033418225409
"Mogul skiing","M",22.0642077308473,79.4,2,3.23,4.37,5.46,8.5375709580002,9.25411311206224,19.7519118368979,-0.922570413243808,0.476736104033448,-0.0852454478979507
"Mogul skiing","M",23,86,2.1,3.379,4.646,5.873,8.26500762344707,8.40385378005863,17.3644788896298,-0.98347827553342,0.45368724656569,-0.0920820026733167
"Mogul skiing","W",18.5945205479452,55.4,2.201,3.62,4.935,6.238,7.45074806231701,7.86887452390468,14.6572504028996,-0.946863244506256,0.423474758678833,-0.0894226616175602
"Mogul skiing","W",18.2175109081684,58,2.17,3.56,4.85,6.2,7.61748038640204,8.04072109030992,15.3125087994912,-0.947362842317968,0.43111937789271,-0.0892286056380799
"Mogul skiing","W",18.3287671232877,61.9,2.235,3.704,5.106,6.528,7.6836115085423,7.34988320965819,14.1184118040429,-1.04540593222564,0.416829063053771,-0.0993096526408573
"Mogul skiing","W",18.8942337011669,65.9,2.12,3.44,4.67,5.92,7.75204797500128,8.53684119142982,16.5445006177328,-0.908069835337174,0.444436952575689,-0.0850373803684953
"Mogul skiing","W",22.7150684931507,78.6,2.16,3.55,4.823,6.081,7.6262923841199,8.07332868393267,15.3923912641931,-0.94462800694558,0.432148767884436,-0.0891433698223431
"Nordic combined","M",28.6849315068493,61.5,1.982,3.259,4.426,5.616,9.03225965417155,8.85098996189885,19.9861098830841,-1.02048016019146,0.478974265957497,-0.0942598447637605
"Nordic combined","M",17,63,2.11,3.45,4.67,5.94,7.79905316995511,8.52066346450723,16.6132768507465,-0.915310550926231,0.445208090052931,-0.085602961489905
"Nordic combined","M",18.6886713597159,65,2.06,3.34,4.58,5.75,8.56042802262927,8.52776257990483,18.2503244398366,-1.00383048219487,0.462493021273391,-0.0934485590211578
"Nordic combined","M",16.576357623034,66,2.12,3.43,4.63,5.84,7.53440569825301,8.793826277628,16.5640637039019,-0.856783550230118,0.443583488823554,-0.0800496308743926
"Nordic combined","M",17.9534246575342,67,1.99,3.26,4.42,5.57,8.85447504122457,8.93176547912721,19.7715236272508,-0.991346566579333,0.477161720104469,-0.0916458817951567
"Nordic combined","M",26.4246575342466,67,2.116,3.49,4.741,5.99,7.97240990912669,8.20758785764415,16.3585636915775,-0.971346277055271,0.442898810312221,-0.0911465331152671
"Nordic combined","M",20.2054794520548,68,2.066,3.309,4.424,5.547,7.52795914613446,9.63561339666052,18.1341259995016,-0.781264132986435,0.457141026125592,-0.0723040737171191
"Nordic combined","M",27.572602739726,68,2.04,3.32,4.5,5.69,8.34355389651629,8.86418356892109,18.4896983389768,-0.941265919375791,0.464769176950909,-0.0873957348294691
"Nordic combined","M",23.4958904109589,69,1.99,3.23,4.37,5.49,8.67024308962644,9.20622280339748,19.9550474106796,-0.941780714499628,0.478730398358478,-0.0868741994472325
"Nordic combined","M",24.3397260273973,69,2.061,3.384,4.603,5.826,8.39991274004358,8.47932847626398,17.806404823696,-0.990634195096616,0.458104414715465,-0.0924184256373772
"Nordic combined","M",22.6767123287671,70,2,3.26,4.43,5.56,8.79599504456803,8.92271012664984,19.6210285145322,-0.985798588065375,0.475788544953486,-0.091216891355776
"Nordic combined","M",27.6712328767123,70,2.015,3.291,4.442,5.568,8.43860077683616,9.02022423288173,19.029517804708,-0.935520066793312,0.469978998094445,-0.0866564159462858
"Nordic combined","M",18.8630136986301,71,1.985,3.226,4.382,5.507,8.88011714597941,9.06699242726468,20.1289887289546,-0.97938949626523,0.480498403113846,-0.0904114741451816
"Nordic combined","M",22.6794520547945,71,1.972,3.225,4.359,5.479,8.8792439689042,9.13897557332139,20.2867984353442,-0.971579790061437,0.48192905896194,-0.0896038480341417
"Nordic combined","M",22.7945205479452,71,2.096,3.445,4.688,5.915,8.1499730767983,8.30106370800593,16.9133614322589,-0.981798642135236,0.448880078063689,-0.0919655073253168
"Nordic combined","M",23.5123287671233,72,2.02,3.31,4.51,5.71,8.78676774920961,8.63992662049613,18.9792571461282,-1.01699564535249,0.469604865694201,-0.0944927410500947
"Nordic combined","M",25.1123287671233,72,2.03,3.29,4.45,5.62,8.3092424282806,9.06035080961109,18.8211628405817,-0.917099415120469,0.467785012652058,-0.0850054724364743
"Nordic combined","M",26.6712328767123,72,2.118,3.35,4.505,5.679,7.24356910077756,9.49175179492041,17.1885400034838,-0.76314354370855,0.446687974492036,-0.0709570614170174
"Nordic combined","M",29.2191780821918,72,2.09,3.4,4.6,5.8,7.88565066104692,8.70668189246223,17.164462955205,-0.905701018877684,0.450971737639839,-0.0845660522191488
"Nordic combined","M",25.1205479452055,72.5,1.976,3.221,4.368,5.497,8.93314360332931,9.08809053387681,20.2963044547948,-0.982950551607081,0.482036849093947,-0.0907018845636824
"Nordic combined","M",25.1671232876712,73,2.068,3.369,4.572,5.782,8.1760365368605,8.6732805223224,17.7282646112371,-0.94266944506382,0.45720187486559,-0.0878937816639317
"Nordic combined","M",29.7123287671233,80.5,2.058,3.367,4.569,5.769,8.30408252959349,8.61075618827811,17.8761075074173,-0.964384816852426,0.45886398401885,-0.0899909299291909
"Ski jumping","M",27.8904109589041,54,2.02,3.31,4.51,5.77,8.77261449141329,8.6868005315233,19.0514880567145,-1.00987866126068,0.470180970896755,-0.0935145816741956
"Ski jumping","M",15.6630136986301,58,2.155,3.485,4.735,5.97,7.48775998006765,8.48240306184134,15.8785495453147,-0.882740412767207,0.436624385440654,-0.0827050635360333
"Ski jumping","M",25.719095573313,58,2.1,3.43,4.65,5.9,7.91037504493849,8.55391957857073,16.9161779926842,-0.924766122977769,0.448499235242083,-0.0863184790179966
"Ski jumping","M",16,59,2.1,3.463,4.795,6.124,8.80595008041522,7.82695841086479,17.2309512618903,-1.1250794520885,0.450426552682105,-0.105518329884374
"Ski jumping","M",16,59,2.02,3.31,4.51,5.71,8.77722303676716,8.67146520298195,19.0278460355345,-1.01219607428614,0.469993447011415,-0.0938330889135266
"Ski jumping","M",19.1643835616438,60,2.029,3.244,4.436,5.589,8.56298049053932,9.05894237988403,19.3928867159667,-0.945251678557308,0.473430628159922,-0.0873010964028255
"Ski jumping","M",24.4919291286149,60,2.031,3.289,4.466,5.605,8.42322173625328,8.98271856551685,18.9158575679269,-0.937714086756387,0.468819631246459,-0.0867748913582831
"Ski jumping","M",27.7260273972603,60,2.014,3.286,4.446,5.613,8.51623500235316,8.99981621813592,19.1611374729087,-0.946267656576334,0.471237980716122,-0.0874915872842424
"Ski jumping","M",17.6082191780822,61,1.985,3.259,4.436,5.619,9.07472950948749,8.80650217977453,19.9791563015414,-1.03045787353905,0.478828861895466,-0.0952091349084613
"Ski jumping","M",20.9205479452055,62,2.038,3.319,4.503,5.682,8.39766422263587,8.84427848315821,18.5678202482615,-0.949502465195685,0.465542998965971,-0.0880711311178805
"Ski jumping","M",16,63,2.116,3.5,4.778,6.133,8.17799942190168,8.03519100592675,16.4279468503347,-1.01777287134427,0.443517473950629,-0.0955479519800129
"Ski jumping","M",16.627397260274,63,2.09,3.44,4.69,6.02,8.27571239270257,8.26445675410234,17.0985667947198,-1.00136193326859,0.450736022110253,-0.0936746955547197
"Ski jumping","M",24.4027397260274,63,1.954,3.197,4.31,5.391,8.94212390385171,9.31938213126176,20.8337674312711,-0.95951896573223,0.486741699954832,-0.0881263153516229
"Ski jumping","M",16.3068493150685,64,2.061,3.37,4.578,5.758,8.30222960650387,8.61488163885392,17.8806813496549,-0.963707913183629,0.458793448797991,-0.0897403907291843
"Ski jumping","M",21.2027397260274,64,2.183,3.492,4.752,5.964,7.25451629064635,8.54359548715855,15.4949131605711,-0.849117482393712,0.431591603329615,-0.079703478802732
"Ski jumping","M",17.6,65,2.071,3.366,4.576,5.742,8.18476698021792,8.67802154815139,17.7568960552323,-0.943160481315174,0.457437286505723,-0.0878351815239509
"Ski jumping","M",21.6,65,1.985,3.313,4.518,5.703,9.37743070929272,8.40993141318262,19.7158872742561,-1.11504247164175,0.475129697379661,-0.103505297705709
"Ski jumping","M",21.9287671232877,65,2.27,3.73,5.12,6.52,7.21380271740686,7.47486346735661,13.4805475982656,-0.965074847040374,0.409224905062519,-0.0917468066948569
"Ski jumping","M",23.3780821917808,66,1.96,3.21,4.37,5.54,9.28663849456275,8.9549818264068,20.7904197368048,-1.03703599567092,0.486160146537884,-0.0955715383964118
"Ski jumping","M",16,67,1.987,3.214,4.356,5.499,8.72288688716237,9.2497303602532,20.1710879173101,-0.943042288523921,0.48070692014917,-0.0868823298678768
"Ski jumping","M",23.213698630137,68,2.007,3.253,4.41,5.57,8.58215168411584,9.09830483072571,19.520758031403,-0.943269306072624,0.474691446162086,-0.0871750304193435
"Ski jumping","M",19.3013698630137,69,1.966,3.176,4.315,5.417,8.99089059533345,9.29256284961996,20.8871039827983,-0.967536162071926,0.487296245787784,-0.088953146309651
"Ski jumping","M",19.013698630137,70,1.965,3.16,4.263,5.367,8.68535163692325,9.65365551774468,20.9613481883342,-0.89969562524356,0.487310037878172,-0.0825071622565661
"Ski jumping","M",20.6328767123288,70.5,2.023,3.292,4.454,5.622,8.41930712488122,8.99154878145077,18.9256526798464,-0.936357832173466,0.468991160941386,-0.0867835170277777
"Ski jumping","M",17.4438356164384,71,2.06,3.41,4.66,5.89,8.68342544351396,8.19666517725074,17.793782738026,-1.05938515917598,0.457475498855505,-0.0990667509327418
"Ski jumping","M",26.9698630136986,71,2.07,3.36,4.57,5.77,8.19970890847295,8.68170240906637,17.7968581460831,-0.944481683674152,0.45789800828609,-0.088017787314328
"Ski jumping","M",21.386301369863,72,2.054,3.343,4.56,5.736,8.46232442868072,8.60594816525836,18.2065813477065,-0.983311108338133,0.462153442166043,-0.0915838414427099
"Ski jumping","M",17.5452054794521,74,2.056,3.326,4.508,5.684,8.15527700235059,8.91682633770521,18.1797971914603,-0.914594127269882,0.461466228810176,-0.0850392000864496
"Ski jumping","W",17.5452054794521,51,2.24,3.7,5.06,6.43,7.3367040237939,7.58943889455579,13.9203667190063,-0.966699136224261,0.414635991097621,-0.0916007966772127
"Ski jumping","W",21.6,54,2.16,3.53,4.85,6.2,7.93393977875842,7.94684464837319,15.7624467178354,-0.998376101435756,0.43625492021388,-0.0939089069685936
"Ski jumping","W",16,55,2.27,3.76,5.22,6.71,7.68294109245351,7.1160047719687,13.6679613691634,-1.07967059307184,0.410787395930153,-0.10277690546671
"Ski jumping","W",17,55,2.28,3.7,5,6.34,6.56661291447002,8.09440492699387,13.2882059821369,-0.811253325438557,0.403961277174214,-0.0768638067596991
"Ski jumping","W",20.6328767123288,55,2.24,3.68,5.05,6.46,7.39430694644482,7.59510824795003,14.0401404192043,-0.973561759102064,0.41615469748526,-0.0922711812335606
"Ski jumping","W",25.719095573313,55,2.2,3.62,4.95,6.31,7.56246149791947,7.79006988566754,14.7280258941157,-0.970782240584667,0.42440600030199,-0.0917025703802479
"Ski jumping","W",15.6630136986301,56,2.23,3.64,5,6.37,7.42563835902439,7.71906964951626,14.3297549213572,-0.961986184369997,0.419647304058348,-0.0910356729859789
"Ski jumping","W",24.4919291286149,58,2.23,3.66,5.02,6.42,7.43555921220641,7.65142929647962,14.2231638979963,-0.971786959545907,0.418402780529159,-0.09205793265147
"Ski jumping","W",17.6082191780822,58.5,2.28,3.75,5.21,6.69,7.55959210354681,7.17236231719337,13.5550333842079,-1.05398915576604,0.409748083076736,-0.100364983112108
"Ski jumping","W",16,60,2.22,3.71,5.1,6.49,7.79100838953118,7.32446493604313,14.2662419413847,-1.06369659184144,0.418391274637214,-0.101002867890188
"Ski jumping","W",16,62,2.19,3.69,5.09,6.5,8.2489656474479,7.22138638252336,14.8922420490958,-1.1422966741416,0.424346040217161,-0.108407104353585
"Snowboard","M",18.6505121131405,65,2.06,3.36,4.58,5.81,8.4070562278447,8.57149462943743,18.0152593265873,-0.980815667663375,0.460187940187832,-0.0913384832744455
"Snowboard","M",16.9957259639777,73,2.09,3.44,4.73,6.03,8.59911359360474,8.03253468600721,17.2681695523865,-1.0705355071276,0.451937005548413,-0.100397312702998
"Snowboard","M",18.1902453069508,77,1.98,3.22,4.39,5.58,9.07984057882078,8.94993017144568,20.3159847870762,-1.01451524256464,0.482150264411937,-0.0937582246007903
"Snowboard","M",23.4754402904617,77.5,2.08,3.39,4.59,5.76,8.01004594437804,8.67227024149243,17.3663207691042,-0.923638876710047,0.453339765670314,-0.0862602667217211
"Snowboard","M",23.3192795535261,78,1.95,3.21,4.4,5.51,9.74619847944267,8.67927986342467,21.1474960518917,-1.12292708989764,0.487974348549259,-0.10380171250597
"Snowboard","M",20.1028391362253,80,2.06,3.29,4.52,5.69,8.47792127125171,8.75472185337765,18.5554606561606,-0.968382709723766,0.465635664008169,-0.0900946175127439
"Snowboard","M",21.9178082191781,80,2.079,3.405,4.619,5.814,8.13674280635191,8.51163084097946,17.3142377539157,-0.95595579253477,0.453073059080456,-0.0894049710868832
"Snowboard","M",22.7315068493151,82,2.07,3.43,4.64,5.89,8.24145644189844,8.38023060130249,17.2663263684247,-0.983440293470865,0.45264763408573,-0.0920846282392739
"Snowboard","M",26.4520547945205,94,2.04,3.313,4.51,5.725,8.49173060933744,8.7306949364575,18.5346773581759,-0.972629403631755,0.465514784448645,-0.0906293183050197
"Snowboard","W",16.2395473110096,57,2.25,3.69,5.05,6.5,7.22487752844504,7.65131158407642,13.8199472817312,-0.944266541632044,0.413343934055421,-0.0895486711590888
"Snowboard","W",20.786301369863,57,2.221,3.722,5.145,6.598,8.02143899532868,7.17206494619117,14.3825703591019,-1.11842810341373,0.418829462075902,-0.106253583150543
"Snowboard","W",25.6176311516996,58,2.34,3.92,5.42,7.02,7.23092651760989,6.80614504957368,12.3036836804154,-1.06241146272115,0.393367170595345,-0.101766530742479
"Snowboard","W",18.7381753868595,60,2.19,3.67,5.06,6.5,8.15280361202061,7.31969292094265,14.9190047211857,-1.11381771067121,0.425284168286737,-0.105588416024273
"Snowboard","W",27.3287671232877,65,2.193,3.637,4.978,6.411,7.73828377767149,7.62964146636541,14.7600826971563,-1.01423950414774,0.424779369281945,-0.0960255917823846
"Soccer","M",24.3068493150685,65,2.07,3.38,4.58,5.77,8.12610008602721,8.6791721891307,17.631955468185,-0.936275938413098,0.45610900892985,-0.0872264398670289
"Soccer","M",22.3315068493151,68,1.98,3.17,4.27,5.33,8.45477840839465,9.76052266361041,20.630764067735,-0.866221891980858,0.483663444898389,-0.0794412443925167
"Soccer","M",16.1903001648909,70,2.03,3.31,4.53,5.73,8.8096688986835,8.58095464640247,18.8988423173564,-1.02665370715797,0.468747317307274,-0.0954291476855842
"Soccer","M",27.5123287671233,70,2.042,3.315,4.461,5.621,8.050271618053,9.142304360855,18.3995083299483,-0.880551696848137,0.463040045855295,-0.08166278821374
"Soccer","M",30.7068493150685,70,2.026,3.248,4.494,5.675,9.07269669301185,8.64108265538018,19.5994805078775,-1.04994906944478,0.475178329681468,-0.0973666096659699
"Soccer","M",20.4904109589041,71,1.97,3.23,4.38,5.53,9.05436942471689,8.98907642278087,20.3476046797176,-1.00726359404071,0.482433150878664,-0.0929811678697959
"Soccer","M",22.5013698630137,72,1.986,3.147,4.233,5.275,8.26105154358778,10.0617467922989,20.7801522174276,-0.821035523365648,0.483671580371256,-0.0751774869299056
"Soccer","M",19.2372192415018,73,2.02,3.3,4.45,5.62,8.36809305653113,9.01442646388253,18.8583898752565,-0.928300107617382,0.46828237440975,-0.0860703107857274
"Soccer","M",21.6438356164384,74,2.046,3.304,4.488,5.669,8.29454456398632,8.93114168037332,18.519938168783,-0.928721641737478,0.464996460188106,-0.0862548685597956
"Soccer","M",23.1671232876712,74,2.014,3.229,4.352,5.453,8.20941460317657,9.51868138763147,19.5357004966517,-0.86245292481833,0.473580371272897,-0.079561856399006
"Soccer","M",23.5205479452055,74,1.966,3.191,4.319,5.416,8.90205152214092,9.29280908901834,20.6812663239652,-0.957950544002976,0.485465568074459,-0.088187222399214
"Soccer","M",25.921745116692,74,1.98,3.22,4.39,5.53,9.07796382202839,8.95612470029861,20.3258440037214,-1.01360400014593,0.482224697687124,-0.0936324426082843
"Soccer","M",26.0520547945205,74,1.982,3.214,4.369,5.48,8.91284400044293,9.10043333700118,20.2776856672805,-0.979386768782148,0.481877836541264,-0.0903877844403676
"Soccer","M",29.2547945205479,75,2.03,3.26,4.4,5.5,8.14536791585936,9.34772265570971,19.0351600515424,-0.871374581367587,0.469055525113274,-0.0806053619083033
"Soccer","M",30.3041095890411,75,1.974,3.225,4.397,5.522,9.19104502840792,8.88078774547275,20.4059300140933,-1.03493578405737,0.482796123140261,-0.0956497375798162
"Soccer","M",39.3698630136986,75,2.158,3.504,4.696,5.887,7.08878283672818,8.76829970093231,15.5391431068145,-0.808455809964439,0.430857775699777,-0.0758979107782062
"Soccer","M",25.413698630137,76,2.004,3.207,4.296,5.384,8.0646684372425,9.8507277207339,19.8607132333181,-0.818687579829043,0.47528137439072,-0.075325547460063
"Soccer","M",24.3780821917808,76.5,2.08,3.38,4.6,5.8,8.15745611457807,8.58659446375928,17.5111918779488,-0.950022287532917,0.455053973825541,-0.0887223932680171
"Soccer","M",26.1780821917808,77,2.047,3.299,4.428,5.556,7.85882114135631,9.37577818200911,18.4206409483601,-0.838204678992552,0.462209456276265,-0.0777013184247362
"Soccer","M",24.413698630137,77.2,1.98,3.24,4.42,5.58,9.17977504892025,8.79902294023768,20.1932628104177,-1.04327208955683,0.480793143095877,-0.0965615015966471
"Soccer","M",20.4465753424658,77.5,1.97,3.19,4.31,5.39,8.77540537157303,9.3817345446562,20.5821309294621,-0.935371314313244,0.484446774036077,-0.0861214526986089
"Soccer","M",33.4383561643836,77.8,2.07,3.35,4.55,5.72,8.12380006525954,8.77434230403604,17.8202506455344,-0.92585857535131,0.458013510317686,-0.0862962161890944
"Soccer","M",19.2301369863014,78,1.955,3.203,4.323,5.436,9.00406672128681,9.20629018768746,20.7235127763665,-0.97803420680014,0.485924484571751,-0.090126425408652
"Soccer","M",21.0767123287671,78,2.072,3.352,4.536,5.723,7.97792750086949,8.88889544593796,17.7287408576255,-0.897516181778832,0.456694982035576,-0.0836231435178487
"Soccer","M",26.4767123287671,78,1.983,3.252,4.391,5.527,8.77904230901983,9.0405948561536,19.8419411852199,-0.97106909984405,0.477892580276449,-0.0898143805580194
"Soccer","M",26.9342465753425,78,1.936,3.1,4.21,5.315,9.16334367238107,9.64422751185197,22.0933427864331,-0.950137650850737,0.497731257945585,-0.0869441047063988
"Soccer","M",31.7013698630137,78.3,2,3.22,4.34,5.44,8.36932261970818,9.46542188873673,19.8047923796213,-0.88419963928572,0.476611545018873,-0.0815699131588798
"Soccer","M",26.1232876712329,78.5,2.029,3.198,4.314,5.435,7.97023754160636,9.85738842381516,19.6414318194219,-0.808554679893764,0.472881847117682,-0.0744713302213725
"Soccer","M",22.3671232876712,79,2.03,3.24,4.41,5.58,8.3836759523889,9.19578963174797,19.2736300997281,-0.911686357356927,0.472098702023711,-0.0843897163538955
"Soccer","M",22.8328767123288,79,2.024,3.232,4.401,5.516,8.45358639083585,9.19721366065449,19.4373600588296,-0.919146461389728,0.473746277043709,-0.0850367807179895
"Soccer","M",23.7808219178082,79,1.961,3.124,4.209,5.259,8.58688696433101,9.94926943427094,21.3583130024395,-0.863067084579385,0.490087890269299,-0.0790095141455607
"Soccer","M",23.0739726027397,79.1,1.92,3.09,4.2,5.27,9.40788655811773,9.5671729859732,22.5017195334811,-0.983350731915373,0.501260835506697,-0.0899417101509747
"Soccer","M",24.7835616438356,80,2.069,3.259,4.414,5.469,7.79178903477273,9.51901759640073,18.542544232361,-0.818549703881093,0.462769320555218,-0.0758198330778508
"Soccer","M",26.1095890410959,80,2.06,3.342,4.563,5.755,8.41729710826453,8.60515807980072,18.1080430553164,-0.978168794832815,0.461220174808095,-0.0912141267979969
"Soccer","M",26.8794520547945,80,1.94,3.14,4.22,5.31,8.84329826841699,9.72287311533094,21.4955667462111,-0.909535500825673,0.492210869752597,-0.0833546981856937
"Soccer","M",27.2712328767123,80,1.95,3.2,4.33,5.44,9.17170968180761,9.10813341612747,20.884288858973,-1.00698016407704,0.48731252446622,-0.0928406317847865
"Soccer","M",24.7780821917808,81,2.037,3.314,4.494,5.682,8.3893984488457,8.84158888918413,18.5439030280632,-0.948856427729682,0.465442972962903,-0.0882404434582466
"Soccer","M",28.4109589041096,81,1.982,3.187,4.329,5.437,8.79614203387936,9.30570717917663,20.4635805184321,-0.945241652731399,0.483482019446545,-0.0871419893561482
"Soccer","M",30.3160662417555,81,2.02,3.25,4.41,5.53,8.43728385783912,9.15066848741094,19.3016968793174,-0.922040162360459,0.472510835545185,-0.0853844491401109
"Soccer","M",25.1780821917808,81.7,2.11,3.38,4.53,5.68,7.30292967844777,9.2933380148063,16.967148500044,-0.785824174996393,0.445505011026252,-0.0732807378096015
"Soccer","M",22.9315068493151,82,1.975,3.168,4.279,5.364,8.62473848546534,9.59379067913368,20.6859839229557,-0.898991730580904,0.484935321700968,-0.0826804461511043
"Soccer","M",26.0712328767123,82,1.97,3.18,4.27,5.37,8.51819766765279,9.6724082189261,20.5978712827605,-0.880669785109477,0.483798307394842,-0.0809792287956509
"Soccer","M",27.6575342465753,82,2.03,3.303,4.454,5.54,8.24829669196811,9.04460857756063,18.6506537526099,-0.911957286071157,0.466124217719165,-0.0846839611980153
"Soccer","M",30.1205479452055,82,1.973,3.17,4.272,5.352,8.57610992943398,9.64473091571801,20.678568143252,-0.889201575904777,0.484692648711995,-0.0817565987116326
"Soccer","M",20.1095890410959,83,2.065,3.363,4.539,5.725,8.01184122581808,8.83953529968224,17.7052383327671,-0.906364526436825,0.456625262633873,-0.0845237814653614
"Soccer","M",22.9643835616438,83,2.055,3.279,4.405,5.531,7.74150264977318,9.55279491586881,18.4882467884845,-0.810391379481333,0.461953273238264,-0.0750920682648863
"Soccer","M",23.8575342465753,83,2.023,3.246,4.353,5.434,7.9790189651932,9.62274140669469,19.1950090452917,-0.829183558818495,0.469448897743746,-0.0766230123404768
"Soccer","M",18.7671232876712,84,1.954,3.18,4.299,5.414,9.00233433215745,9.30364489607357,20.9386304655311,-0.967613707607942,0.487858135390546,-0.089113303958212
"Soccer","M",27.2383561643836,84,1.968,3.149,4.226,5.295,8.43060912279879,9.9375278939006,20.9448533300965,-0.848360800876169,0.486096023117017,-0.0778220920535257
"Soccer","M",23.1315068493151,85,2.079,3.326,4.521,5.686,7.97340490359556,8.95585216208796,17.8521588862672,-0.890301085735726,0.457859827177962,-0.0829490890756659
"Soccer","M",29.6547945205479,85,2.026,3.276,4.413,5.554,8.18272084268442,9.2411162369901,18.9043686105221,-0.885468879823287,0.468159818915757,-0.0820910473765663
"Soccer","M",31.7561643835616,87,2.044,3.267,4.43,5.514,8.15606810672231,9.20961886124655,18.7785696673203,-0.885603218721949,0.466956507723642,-0.0821681236665747
"Soccer","M",28.2054794520548,87.3,1.98,3.3,4.48,5.64,9.22968573748554,8.53642690933015,19.6971344235331,-1.08121182732762,0.475747239961176,-0.100513585837342
"Soccer","M",23.3315068493151,89,1.87,3.08,4.16,5.2,9.94832361176541,9.45314469306531,23.5107356388641,-1.05238245417563,0.509104691986229,-0.0961944228520891
"Soccer","M",22.2958904109589,90.4,2.07,3.33,4.51,5.66,7.97411860261717,8.9756615964711,17.8932475268042,-0.888415691357203,0.458267596528476,-0.0827965869603015
"Soccer","M",24.5260273972603,92.4,2,3.24,4.38,5.53,8.54752265530592,9.18204194448709,19.6209278856182,-0.930895622888965,0.475677943413993,-0.0862055581298469
"Soccer","M",27.2739726027397,94.4,2.045,3.28,4.424,5.519,8.00251668344146,9.29188894024501,18.589624066249,-0.861236798556748,0.464606841173702,-0.0799769293086116
"Soccer","W",21.4986301369863,53,2.17,3.52,4.82,6.08,7.66732940394206,8.14113831277618,15.605197291777,-0.94180065604701,0.434357403222296,-0.0884981656622126
"Soccer","W",26.7369863013699,53,2.11,3.47,4.75,6.03,8.25156446762467,8.11189842671638,16.7339632057183,-1.01721742970157,0.446763082739409,-0.0952881191053771
"Soccer","W",25.0054794520548,54.1,2.216,3.587,4.869,6.163,7.06193878911118,8.25315199003892,14.5708135427215,-0.855665665388756,0.421025261543427,-0.0806350432295685
"Soccer","W",25.972602739726,55,2.17,3.54,4.84,6.12,7.67579004252607,8.06505245705021,15.4764123355691,-0.951734670469023,0.432985251860757,-0.0895405271379471
"Soccer","W",24.7424657534247,55.3,2.2,3.67,5.02,6.35,7.73094534614607,7.5373102032578,14.5676333095838,-1.02569021808397,0.422357546958945,-0.0971053878241696
"Soccer","W",25.4164383561644,55.8,2.169,3.539,4.813,6.074,7.50971294821386,8.20562893428659,15.4054794640126,-0.915190414818187,0.431856206222751,-0.0860567423686583
"Soccer","W",21.4958904109589,56,2.324,3.817,5.263,6.679,7.01504079796996,7.21834442524292,12.6592451592195,-0.971835144557249,0.398613866826288,-0.0927231835984766
"Soccer","W",24.9561643835616,56,2.06,3.38,4.63,5.87,8.65752202432293,8.32781479157005,18.024559993125,-1.03959108613782,0.459957320657374,-0.0969289475811254
"Soccer","W",26.3000449327752,57,2.11,3.48,4.74,0.5,8.10836350931382,8.17287265462468,16.5671555997569,-0.992106919067881,0.445115379498565,-0.0929996686158875
"Soccer","W",20.5890410958904,57.4,2.096,3.421,4.643,5.858,7.97526788616353,8.53945256294019,17.0261054476584,-0.933931985379821,0.449790459031121,-0.0872172926750129
"Soccer","W",19.7852315131913,58,2.11,3.47,4.75,5.99,8.25552662887544,8.09887171868234,16.7151127843571,-1.01934280670624,0.446594578948803,-0.0955778958884246
"Soccer","W",22.4767123287671,58,2.136,3.465,4.701,5.955,7.60771879408238,8.51867555119292,16.2019220228751,-0.893063569373414,0.440421912555327,-0.0836360361412224
"Soccer","W",34.5150684931507,58.3,2.242,3.696,5.062,6.45,7.35575201775552,7.56549336642139,13.9124732738426,-0.972276580190159,0.414613037894065,-0.0922440160679882
"Soccer","W",23.9190735350076,59,2.2,3.62,4.94,6.27,7.49814069924351,7.82978043591921,14.6771988381766,-0.957643801203632,0.423797983847739,-0.0905043068686101
"Soccer","W",19.972602739726,59.2,2.099,3.401,4.605,5.795,7.8004334257548,8.7533009049527,17.0698852411707,-0.891141925823805,0.44968729632694,-0.0831241731472315
"Soccer","W",18.7109823059361,60,2.12,3.45,4.68,5.9,7.75119850597976,8.51253417487586,16.4955855445999,-0.91056298239094,0.443899463353955,-0.0852249102985067
"Soccer","W",22.1397260273973,60,2.194,3.538,4.822,6.044,7.30081805621049,8.27921297151156,15.1112568884059,-0.881825130158182,0.42798318019693,-0.0830158192407105
"Soccer","W",22.6849315068493,60,2.132,3.47,4.69,5.943,7.5462568834134,8.57090954647388,16.169571290548,-0.880449950206039,0.439847594255133,-0.0824644085923934
"Soccer","W",26.2931506849315,60.3,2.187,3.547,4.79,6.073,7.11457657608887,8.45662717158277,15.0413303969149,-0.841301908164562,0.426198924336409,-0.0791475392394955
"Soccer","W",25.8054794520548,60.8,2.13,3.37,4.66,5.83,8.05536181858619,8.50163765048318,17.1209418312892,-0.947507074490333,0.450920472816879,-0.0885284261384771
"Soccer","W",21.4069121638762,61,2.26,3.68,4.99,6.3,6.81568457928425,7.98055912008381,13.5982434322054,-0.854035973761782,0.409199806788084,-0.0809464497492493
"Soccer","W",23.5424657534247,61,2.174,3.538,4.793,6.074,7.3303177182239,8.33562888443337,15.2757020260252,-0.879395882404641,0.42983231009528,-0.0827284944507873
"Soccer","W",27.4054794520548,61,2.153,3.484,4.723,5.95,7.44181614365073,8.51985744657637,15.8508031718837,-0.873467213543715,0.436193853833188,-0.0819317860413796
"Soccer","W",22.5068493150685,61.9,2.14,3.48,4.74,6.03,7.73635313093581,8.3263920387195,16.1039772795367,-0.929136304771636,0.439873756118391,-0.0871928247706709
"Soccer","W",21.0027397260274,62,2.204,3.601,4.921,6.23,7.44572797722832,7.90620916882896,14.7168707005422,-0.941757018848409,0.424196523887539,-0.088985541055946
"Soccer","W",21.2684931506849,62,2.241,3.684,5.029,6.371,7.22932354558985,7.68880019264307,13.8962060675026,-0.940240787178622,0.414294160264472,-0.0891838748096509
"Soccer","W",21.3162851978691,62,2.09,3.4,4.62,5.82,8.03150045872845,8.58674818066098,17.2411179879911,-0.935336671083117,0.452091367275275,-0.087327172368148
"Soccer","W",22.234303652968,62,2.08,3.34,4.51,5.66,7.76818195014104,9.1289876448517,17.7289092614494,-0.850935750200288,0.45559912452515,-0.0790679150413773
"Soccer","W",23.1287671232877,62,2.13,3.48,4.83,6.16,8.53810703926903,7.80627914704751,16.6627117339763,-1.09374861934041,0.445139781048837,-0.102856091695255
"Soccer","W",24.9904783422121,62,2.14,3.42,4.62,5.82,7.31187844248954,8.97238208288643,16.4012417824092,-0.814931684244246,0.44055604672362,-0.0761274564657588
"Soccer","W",26.8260926560122,62,2.17,3.54,4.81,6.12,7.47615693471781,8.2138143012815,15.3519411872525,-0.910193079669625,0.43123158008293,-0.0856758182171236
"Soccer","W",27.2657534246575,62,2.258,3.709,5.091,6.485,7.28738751188964,7.51650136621981,13.6939145473229,-0.969518550830066,0.411927669005358,-0.092113268252577
"Soccer","W",29.4547945205479,62,2.15,3.561,4.821,6.033,7.65390918951192,8.0824133154769,15.4655143871905,-0.946983146092709,0.432891446225556,-0.089177694616418
"Soccer","W",31.2151683472856,62,2.18,3.59,4.93,6.27,7.8630801533431,7.72946048380881,15.1943418315717,-1.01728706289581,0.429793621444847,-0.0960965130929697
"Soccer","W",26.2876712328767,62.4,2.1,3.425,4.64,5.827,7.8790832003851,8.57838328502611,16.8974489068784,-0.91848113316857,0.448312110436293,-0.0858540202686409
"Soccer","W",19.1780821917808,62.5,2.194,3.567,4.859,6.177,7.36179402202007,8.12147506315834,14.947156642486,-0.906460213787464,0.426517786861145,-0.0854858941057668
"Soccer","W",21.8,62.5,2.104,3.434,4.646,5.847,7.8115324951983,8.5858491679764,16.7671599436297,-0.909814782716407,0.446817348395139,-0.0850760639029838
"Soccer","W",23.5232876712329,62.5,2.19,3.59,4.97,6.29,8.02431254596091,7.5908788024122,15.2278960022663,-1.05709928386829,0.429813116348829,-0.0999529307153863
"Soccer","W",25.8821917808219,62.5,2.07,3.47,4.74,6,8.75080429613849,7.93856070036111,17.367197770469,-1.10231622915479,0.452386053472388,-0.103373862479061
"Soccer","W",23.987747716895,63,2.19,3.54,4.9,6.21,7.86263347944942,7.83599253618483,15.4028843149307,-1.0033998173354,0.432255955185708,-0.0946712226451494
"Soccer","W",25.2602739726027,63,2.21,3.67,5.04,6.424,7.74975494663337,7.47827594561908,14.4887015004627,-1.03630235136928,0.421388120261324,-0.0982686124673966
"Soccer","W",30.1232876712329,63,2.133,3.447,4.678,5.917,7.60637146938378,8.59019541814085,16.3350543362445,-0.885471295952194,0.441774113459861,-0.0829179567322603
"Soccer","W",32.3548681823947,63,2.12,3.4,4.62,5.8,7.67020240828922,8.7736578324701,16.8239328590295,-0.874230857271736,0.446789300744769,-0.0816502876955664
"Soccer","W",19.9342465753425,63.2,2.162,3.524,4.771,6.028,7.40801121188845,8.36138398117004,15.485306569853,-0.885979070997266,0.43236341159481,-0.0833043757135609
"Soccer","W",28.3397260273973,63.5,2.093,3.4,4.611,5.834,7.92768586419387,8.65972878439233,17.162902367945,-0.91546583750777,0.451072225764908,-0.0854724156502345
"Soccer","W",21.0027397260274,63.8,2.12,3.49,4.78,6.06,8.21372542936234,8.01510545147273,16.4584688664456,-1.02478070676576,0.443847301690722,-0.0962910479654673
"Soccer","W",20.2630136986301,64,2.157,3.556,4.863,6.162,7.8980392260826,7.88720074396131,15.5733552149486,-1.00137418616226,0.434202765495498,-0.0944128704025681
"Soccer","W",24.1369863013699,64,2.201,3.589,4.864,6.156,7.18378994597084,8.17357375938803,14.6793092488357,-0.87890440062643,0.422913798634305,-0.0829515676750282
"Soccer","W",19.4438356164384,64.3,2.228,3.653,5.019,6.389,7.49850322625815,7.62336804124002,14.2909624630479,-0.983620780958443,0.419276088110648,-0.0932495990782751
"Soccer","W",29.2493150684931,64.5,2.19,3.6,4.92,6.25,7.60913226434957,7.83547602376774,14.9052933547471,-0.971112953605934,0.426559997632588,-0.0917752161002453
"Soccer","W",22.1561643835616,64.7,2.19,3.55,4.84,6.1,7.3893927519443,8.16673249530009,15.0867984769596,-0.904816308872228,0.428129987449016,-0.0852950238530054
"Soccer","W",22.4219178082192,64.7,2.15,3.5,4.76,6.05,7.62685966818079,8.30135020609639,15.8283082695802,-0.918749297262479,0.436730913318665,-0.0863378774531024
"Soccer","W",21,65,2.149,3.482,4.733,5.992,7.57108139097218,8.4173460279997,15.9321029684905,-0.899461821551297,0.437615850881432,-0.0844438967412118
"Soccer","W",23.3013698630137,65,2.14,3.433,4.619,5.838,7.22268163847192,9.01165073113452,16.2720710670218,-0.801482642188755,0.438672753916295,-0.0749241985214187
"Soccer","W",24.613698630137,65,2.19,3.6,4.89,6.19,7.40813804291602,7.9886817597808,14.7953143143454,-0.927329222226933,0.425015065168505,-0.0875907686367073
"Soccer","W",27.6096075279046,65,2.2,3.57,4.84,6.13,7.15768396765888,8.26532531841766,14.7901466297808,-0.865989382379104,0.423946210402164,-0.0816732826109971
"Soccer","W",28.2904109589041,65,2.187,3.591,4.929,6.238,7.76477599895403,7.76219550009511,15.0679273295819,-1.00033244445581,0.428434516461874,-0.094541897910379
"Soccer","W",31.0328767123288,65.3,2.18,3.58,4.89,6.19,7.65026626582649,7.90191091288713,15.1129306231066,-0.968153950375442,0.428971228626362,-0.0914093063397504
"Soccer","W",19.3397260273973,66,2.04,3.37,4.63,5.91,9.04109540074765,8.18292039390884,18.4956409845133,-1.10487392831997,0.463727335390902,-0.103160194091901
"Soccer","W",19.6931506849315,66,2.328,3.829,5.241,6.673,6.78631420488929,7.322961582259,12.4239795518857,-0.926717166088947,0.395294180333628,-0.0885314171461057
"Soccer","W",23.0164383561644,66,2.146,3.49,4.776,6.036,7.85462390400072,8.16514487466218,16.0335355280376,-0.961969937407349,0.439350312777306,-0.0904328943897094
"Soccer","W",28.9753424657534,66,2.091,3.471,4.704,5.983,8.1570971137698,8.22965019052024,16.7825139541069,-0.991183941592801,0.447491198453425,-0.0929354223002784
"Soccer","W",19.5616438356164,66.5,2.289,3.709,5.089,6.461,6.95069801638385,7.65499513345577,13.3018898723848,-0.90799509277363,0.40654058452414,-0.0863487851576248
"Soccer","W",21.8657534246575,66.8,2.18,3.59,4.92,6.21,7.79495698134309,7.76776474297387,15.1373480031687,-1.00350065163776,0.429237919387017,-0.0948382458326819
"Soccer","W",20.013698630137,67,2.217,3.582,4.85,6.145,6.9733062458541,8.32674820782505,14.5162413213202,-0.837458521839407,0.419975918499748,-0.0790507871152933
"Soccer","W",21.1397260273973,67,2.268,3.728,5.086,6.406,7.04129355562756,7.60352397516315,13.384661091594,-0.9260565993647,0.407809589996991,-0.0880725849190564
"Soccer","W",23.1041095890411,67,2.216,3.637,4.977,6.329,7.45868671019154,7.73629975557805,14.425659043247,-0.964115526264821,0.42088607874168,-0.0913271830559582
"Soccer","W",23.6767123287671,67,2.21,3.62,4.98,6.32,7.65517282914748,7.66800004873125,14.6749664067373,-0.998327175338778,0.423855733987878,-0.0945389382624909
"Soccer","W",23.9191483701167,67,2.2,3.54,4.78,6.05,6.96480643141415,8.56824664713053,14.9190448384694,-0.812862504809736,0.42391009320863,-0.0765327728012655
"Soccer","W",26.1123287671233,67,2.149,3.468,4.701,5.911,7.44612326816676,8.58214643450565,15.9759300641967,-0.867629482320256,0.437494028187602,-0.081390606832663
"Soccer","W",31.4849315068493,67,2.252,3.691,5.031,6.383,7.08525212567041,7.73279010827233,13.6971918879999,-0.916260757949553,0.411627172921226,-0.0869922778517482
"Soccer","W",22.7479452054795,67.1,2.135,3.463,4.69,5.912,7.5626547675457,8.55362011128228,16.1720189785909,-0.884146673473435,0.440001273589102,-0.0829008628464688
"Soccer","W",19.8438356164384,67.2,2.253,3.709,5.085,6.463,7.30762240998249,7.51197963639213,13.7236776835578,-0.972795822632476,0.412337983503142,-0.0924720873481323
"Soccer","W",23.827397260274,67.6,2.135,3.489,4.734,5.972,7.69743173190287,8.33900786120266,16.0472359308522,-0.923063254049114,0.439226867383849,-0.0866962590956552
"Soccer","W",21.2054794520548,68,2.201,3.596,4.959,6.318,7.77326746466771,7.68687343696009,14.9380307981351,-1.01123916354499,0.426899061203006,-0.0956878371713764
"Soccer","W",23.919072710553,68,2.21,3.63,4.98,6.33,7.5923814069439,7.68160685724714,14.580422269604,-0.98838453308515,0.422761804604922,-0.0936249706428461
"Soccer","W",27.013698630137,68,2.141,3.507,4.777,5.998,7.80935025545465,8.16173609985254,15.9344639740842,-0.956824646118581,0.438247399862554,-0.0899994267502048
"Soccer","W",29.413698630137,68,2.09,3.446,4.689,5.958,8.23208623248565,8.25793402907716,16.9950062573852,-0.996869943922959,0.44974185844093,-0.0934165189400352
"Soccer","W",32.9369863013699,68,2.163,3.493,4.758,6.016,7.51197917060951,8.36441289116287,15.7083238531983,-0.898088038975937,0.435121522786209,-0.0844327613008328
"Soccer","W",26.6109589041096,68.3,2.204,3.6,4.913,6.235,7.40289616290606,7.93265570134274,14.6811566132813,-0.933217883344286,0.423748293219942,-0.0882407924614814
"Soccer","W",18.8328767123288,68.5,2.117,3.535,4.837,6.132,8.38265144939714,7.78221749719684,16.3089041956002,-1.07715460952056,0.441649483702744,-0.10148297717662
"Soccer","W",19.3137236808726,69,2.17,3.46,4.65,5.82,6.94572657887498,9.06801158868479,15.7459822772686,-0.76595916435991,0.43134881889569,-0.0717589578102553
"Soccer","W",17.6876712328767,69.4,2.218,3.668,4.998,6.388,7.38729066940474,7.68943561520048,14.2010239932897,-0.960706486026301,0.418182211928129,-0.0911149660398045
"Soccer","W",26.4931506849315,69.8,2.17,3.56,4.859,6.164,7.6868281965438,7.9676691289754,15.3115259303349,-0.964752435387875,0.431274488520829,-0.0910429657377734
"Soccer","W",18.2602739726027,70,2.061,3.367,4.603,5.829,8.53184054901753,8.43029682378765,17.9814870703613,-1.01204509489433,0.459847309307188,-0.0944843455932375
"Soccer","W",18.6986301369863,70,2.25,3.661,4.978,6.285,6.95710824419271,7.93524859540138,13.8015958556964,-0.876734756391184,0.412302664638466,-0.0831489934180748
"Soccer","W",21.027397260274,70,2.18,3.603,4.947,6.305,7.90348039254534,7.65578638903287,15.1268394038092,-1.03235382897664,0.428957724458297,-0.097674831898478
"Soccer","W",20.1342465753425,71,2.05,3.35,4.59,5.81,8.71265186366082,8.4083909866191,18.3148458499889,-1.03618538642243,0.463002394743107,-0.0966767183842132
"Soccer","W",21.9534246575342,71,2.306,3.789,5.188,6.591,6.9190558465707,7.39418015146608,12.7901863518996,-0.935743477280416,0.400257117060548,-0.0892991036496624
"Soccer","W",22.4739726027397,71.5,2.197,3.633,4.971,6.331,7.66940327503495,7.66307486200178,14.6928028608686,-1.00082583207748,0.424085887921047,-0.0948174161436906
"Soccer","W",17.9616438356164,71.7,2.154,3.489,4.739,6.035,7.51309673514393,8.41075594434587,15.7977057563893,-0.89327246978253,0.436063368451982,-0.0839706706859588
"Soccer","W",31.413698630137,72.1,2.321,3.839,5.279,6.72,7.02924677846283,7.14311990744466,12.5526881493948,-0.984058348388756,0.397308863595447,-0.0941210042126142
"Soccer","W",25.0739726027397,84,2.202,3.637,4.937,6.245,7.36431524586201,7.83837064561492,14.4310581120548,-0.939521180971696,0.420909228957111,-0.0890830901203285
"Speed skating","M",20.7244474568747,63,2.11,3.35,4.52,5.63,7.42470108413513,9.32645827487611,17.3115412161534,-0.796090098224747,0.44940904620099,-0.0739440170903703
"Speed skating","M",24.0054794520548,64,2.2,3.62,4.96,6.35,7.63276317392947,7.73300105664757,14.7560414222843,-0.987037647869978,0.424774745639828,-0.0933141713089124
"Speed skating","M",18.8164383561644,68,2.076,3.326,4.453,5.61,7.50266554469795,9.52381424593245,17.8634982492652,-0.787779491594167,0.454724365725531,-0.0730173142375772
"Speed skating","M",19.7682197805682,69,2.02,3.33,4.54,5.74,8.88267784682768,8.50597090650304,18.8889498342388,-1.04428735349149,0.468479426558747,-0.0971143780911157
"Speed skating","M",17.5224403855911,73,2.15,3.48,4.71,5.9,7.41754948406597,8.55991418899965,15.8733967690658,-0.86654484148898,0.436332857420219,-0.0813252387851618
"Speed skating","M",22.8794520547945,73,2.04,3.31,4.49,5.68,8.3432524344237,8.89530671004994,18.5539473408924,-0.937938702551704,0.465409628521794,-0.0871108366381405
"Speed skating","M",18.0202764142567,75,2.1,3.45,4.7,6,8.15537136349051,8.25737238699556,16.8354845756452,-0.987647278247292,0.448077972059008,-0.0926032208286104
"Speed skating","M",17.4347739091832,76.5,2.03,3.25,4.37,5.44,7.98934466528567,9.56257936175096,19.099685602544,-0.835480089947487,0.468705050738007,-0.0771912710578242
"Speed skating","M",27.1287671232877,77,2.099,3.411,4.656,5.859,8.11469732732367,8.4233117649543,17.0881563665722,-0.96336186452048,0.450727693722068,-0.0901806188923853
"Speed skating","M",16.6786087645865,79,2.12,3.43,4.67,5.87,7.82474380711042,8.49870463833802,16.625046621824,-0.920698405238448,0.445510153020985,-0.0862863576134725
"Speed skating","M",22.8602739726027,79,2.13,3.37,4.54,5.7,7.22302549765756,9.33839694639441,16.8628698127636,-0.773475955147355,0.443828300006764,-0.0721183072346451
"Speed skating","M",26.1369863013699,79,2.135,3.433,4.614,5.764,7.24784060279921,8.99230681420625,16.293701610208,-0.80600459398793,0.439131152260992,-0.0754233547120446
"Speed skating","M",23.3890410958904,80,2.12,3.38,4.58,5.73,7.53496668872134,8.97543047882131,16.9073924187132,-0.839510339532022,0.446846877386096,-0.0784092436122463
"Speed skating","M",24.6814102929985,81,2.18,3.56,4.84,6.1,7.44376032345499,8.11334480686123,15.0984485409558,-0.917471215713649,0.42849470306253,-0.086603842148284
"Speed skating","M",28.3369863013699,82,1.94,3.15,4.29,5.41,9.39837373688072,9.19255933943682,21.5987770676201,-1.0223892378438,0.493482914422801,-0.0940410230047832
"Speed skating","M",25.6395655758498,83.5,2.07,3.32,4.49,5.61,7.89447233668362,9.1079698190235,17.9756539449076,-0.866765315822052,0.45860046906012,-0.0806438181552761
"Speed skating","M",17.5835616438356,85,2.172,3.516,4.762,6.003,7.29680726699619,8.42570513081965,15.370186607033,-0.866017401950827,0.430728217877635,-0.0815694856930108
"Speed skating","M",22.7189316971081,85,2.06,3.29,4.43,5.55,7.78820357492337,9.41220780730694,18.3260476231974,-0.827457673520254,0.460977572602395,-0.0767871387051614
"Speed skating","M",25.5917808219178,86,2.213,3.608,4.882,6.132,7.0643817259356,8.14632169248469,14.3871815244954,-0.86718668776029,0.419275558624401,-0.0820683134777226
"Speed skating","M",27.6904109589041,88,2.086,3.4,4.587,5.806,7.8478931293546,8.73587471447482,17.1395527876574,-0.898352298522678,0.450688818340491,-0.0840161460247788
"Speed skating","M",24.6230928145611,91,2.13,3.37,4.54,5.75,7.22931422578157,9.30981362671856,16.8258920227529,-0.776526202955762,0.443639469193358,-0.0725144574741001
"Speed skating","M",18.6375302511415,91.5,2.06,3.28,4.4,5.51,7.64420969155388,9.62431852357308,18.3925772331247,-0.794259840094728,0.460408084639882,-0.0736636625926243
"Speed skating","W",30.3890410958904,60,2.204,3.647,4.981,6.347,7.55998668879968,7.69067220012137,14.5353448652098,-0.983007270636288,0.422174754183546,-0.093035576805123
"Speed skating","W",17.3178082191781,63,2.239,3.617,4.929,6.206,7.02396148939204,8.07266128225233,14.1755154908616,-0.870092432198803,0.41669669430614,-0.0822906172402365
"Speed skating","W",19.8164383561644,63,2.122,3.541,4.86,6.211,8.44731556710827,7.71725836523348,16.2975291810083,-1.09460059095128,0.44119407083581,-0.103117549803212
"Speed skating","W",18.8812591958397,64.5,2.2,3.65,5.02,6.41,7.86231310397419,7.49329842811033,14.7286646058302,-1.04924596016082,0.424112743969994,-0.0994368824193006
"Speed skating","W",23.7956329591578,64.5,2.12,3.47,4.73,6.02,7.97950210257506,8.24589680390723,16.4495377210987,-0.967693665386893,0.443899677439515,-0.0907940237637269
"Speed skating","W",18.4923122463217,67.5,2.2,3.56,4.84,6.12,7.22029101884786,8.23709961419184,14.8685640914261,-0.876557448256167,0.425112000242004,-0.0826863095451391
"Speed skating","W",20.1150684931507,68,2.17,3.56,4.84,6.12,7.55547040916842,8.07197381735349,15.2468898301491,-0.936012749809139,0.430357442597885,-0.0882748129338037
"Speed skating","W",17.7799208206494,70,2.22,3.62,4.93,6.27,7.21545574119848,7.95830967120125,14.3557078018261,-0.906656820267885,0.419574236329727,-0.0858210222528819
"Speed skating","W",19.0849315068493,75,2.209,3.619,4.959,6.331,7.53548869247776,7.74763152397253,14.5955474355948,-0.972618363323247,0.422978867664143,-0.0921532602205434
"Speed skating","W",19.7791978373922,75,2.19,3.59,4.89,6.25,7.47500714356827,7.95169548343395,14.8597451355371,-0.940051987546708,0.425944823416232,-0.0888893229183622
"Speed skating","W",26.4266239535769,75,2.31,3.79,5.21,6.65,7.00411888410552,7.31213907636001,12.8037728469848,-0.95787550140419,0.40059146369367,-0.0914809546467342
"Speed skating","W",24.3232876712329,77,2.17,3.53,4.82,6.1,7.6166451347443,8.10699598490343,15.4370278814516,-0.939515098925391,0.432610766418537,-0.0886182083487343
"Table tennis","M",23.8821917808219,58,2.092,3.432,4.665,5.905,8.11069173671267,8.41755390261226,17.0680462203127,-0.963544971680625,0.450374648587172,-0.0899785739218516
"Table tennis","M",26.1424657534247,58,2.073,3.334,4.496,5.643,7.78374505487155,9.20022434507736,17.9030501874262,-0.846038614160131,0.457140306829837,-0.0784075434100282
"Table tennis","M",27.3616438356164,64.1,2.088,3.42,4.658,5.871,8.20004258373123,8.39485674056336,17.2095456892357,-0.97679362937895,0.451935847837401,-0.0912776621824105
"Table tennis","M",16,64.2,2.07,3.38,4.59,5.81,8.20288314956623,8.61662157984888,17.6702849908828,-0.951983683344035,0.456606341323164,-0.0887056814225546
"Table tennis","M",19.4016513508371,64.4,2.17,3.59,4.91,6.24,7.84408284982748,7.78412390657895,15.264828209132,-1.00770272210054,0.430631241981635,-0.0950997071967852
"Table tennis","M",18.8016619419077,65.7,2.11,3.39,4.62,5.82,7.85534204003288,8.69122360260296,17.0681335362133,-0.903824639568618,0.449889503944474,-0.0843529815735508
"Table tennis","M",21.6164383561644,68.5,2.179,3.564,4.848,6.107,7.4768167938154,8.0952503338961,15.1316759116535,-0.923605384074261,0.428875422991171,-0.0870684883276559
"Table tennis","M",18.4235996321664,69.4,2.17,3.54,4.82,6.1,7.54469401637525,8.15312612872214,15.3782104795307,-0.925374377540477,0.431727289650726,-0.0871474075099454
"Table tennis","M",21.3287671232877,72.8,2.02,3.35,4.57,5.783,8.98660510683736,8.36394025022653,18.7908570414921,-1.07444635398895,0.467157313428337,-0.100104402076094
"Table tennis","M",18.9249648021309,73.5,2.12,3.48,4.78,6.02,8.28679253788103,7.99158633730697,16.5561545064568,-1.0369396247646,0.444822532332138,-0.0974658667404014
"Table tennis","M",17,77.5,2.266,3.773,5.165,6.604,7.30068697009518,7.30368445579832,13.3304784850334,-0.999589592660899,0.407392341765461,-0.0952864695596054
"Table tennis","M",27.4520547945205,78,2.081,3.353,4.518,5.672,7.72925398043198,9.08738602651367,17.5596786542882,-0.850547556566965,0.453932818678547,-0.0792029052075299
"Table tennis","M",21.3260273972603,89.4,2.07,3.368,4.578,5.76,8.21230626589189,8.61458835700577,17.6864094855794,-0.953302227054561,0.456938033377137,-0.0890800379542205
"Telemark skiing","M",23.1178082191781,74,1.995,3.273,4.46,5.644,9.02786830278125,8.71634914279684,19.6725130355575,-1.03573963764885,0.476040501508673,-0.0960219622984964
"Telemark skiing","M",21.4082191780822,79,2.049,3.346,4.534,5.73,8.30397486104801,8.73394556905982,18.1316161108086,-0.950770163998389,0.46136115647206,-0.0885689137383717
"Telemark skiing","M",25.0547945205479,80,2.038,3.333,4.483,5.643,8.14669337635168,8.97598199942451,18.2811432752409,-0.907610262239163,0.462414661427704,-0.0843929962712675
"Telemark skiing","M",22.7698630136986,82,2.049,3.291,4.454,5.631,8.09394063123886,9.14590131778924,18.5065955713389,-0.884980096548356,0.464262159754562,-0.0821672775404136
"Telemark skiing","M",29.2958904109589,82,2.043,3.357,4.55,5.733,8.43275832756149,8.61321910528421,18.1582987842993,-0.979048393461626,0.461734425438478,-0.0912967349318354
"Telemark skiing","M",25.4849315068493,83,2.076,3.393,4.622,5.83,8.28786670809935,8.44538311950442,17.4985523983212,-0.981348813999772,0.455055387407478,-0.0917966232083546
"Telemark skiing","M",20.572602739726,85,2.056,3.389,4.607,5.845,8.47294528322467,8.40766142698893,17.809413807689,-1.00776480556486,0.458179946903235,-0.0942259061846538
"Telemark skiing","M",22.413698630137,85,2.115,3.451,4.715,5.982,8.07182007994557,8.24022942787175,16.6284123398134,-0.979562541383065,0.445928194313351,-0.0920002106219193
"Telemark skiing","M",19.0630136986301,87,2.11,3.429,4.619,5.771,7.59158167467448,8.75272824296066,16.6117628331665,-0.867338898677675,0.444481306350907,-0.0812389077992437
"Telemark skiing","M",24.2,87,2.158,3.489,4.745,5.981,7.51265775941411,8.38179236983186,15.7423843712538,-0.896306831275613,0.435542592378273,-0.0843543282476576
"Telemark skiing","M",21.3972602739726,88,2.05,3.32,4.5,5.65,8.22307037994283,8.88850947255685,18.2727097414059,-0.925134906514017,0.462601046092662,-0.0861405639155622
"Telemark skiing","M",24.2849315068493,89,2.059,3.304,4.573,5.791,8.81760892590489,8.44331972028556,18.6124728324647,-1.04432962602613,0.465911766571433,-0.0974412543390867
"Telemark skiing","M",24.227397260274,90,2.18,3.486,4.69,5.882,6.94314218725261,8.88142072597737,15.4162417313183,-0.781760306315016,0.42845479140549,-0.0734991402066916
"Telemark skiing","W",16.3260273972603,60,2.47,4.09,5.64,7.23,6.29246264363318,6.65883122383515,10.4751116815602,-0.944980047115392,0.367661033083179,-0.0911060158637348
"Telemark skiing","W",19.9753424657534,61,2.279,3.78,5.217,6.679,7.4392341028033,7.17209471796855,13.3387229036118,-1.03724705198963,0.407207022212213,-0.0988582716583617
"Telemark skiing","W",17.4739726027397,62,2.11,3.49,4.73,5.96,7.96900192167071,8.2343924811184,16.4049723764558,-0.967770474864268,0.443398650177325,-0.0907897655563145
"Telemark skiing","W",18.7835616438356,62,2.2,3.62,4.95,6.28,7.56713678602212,7.77388072254472,14.7065046964291,-0.97340531146522,0.424212428918111,-0.0920542632581093
"Telemark skiing","W",20.2849315068493,65,2.23,3.63,4.97,6.29,7.29871060439697,7.82921722615916,14.2857976981738,-0.932240145286856,0.418998075726069,-0.0882769287693346
"Tennis","M",16.5260273972603,68,2.035,3.312,4.519,5.725,8.62865584427207,8.68774136299374,18.74088257133,-0.99319897816326,0.467369433965735,-0.0922623314229259
"Tennis","M",17.4739726027397,70,2.038,3.308,4.494,5.719,8.41553490262926,8.8566084938092,18.6332744746435,-0.950198364138118,0.466252840550673,-0.0882160790104232
"Tennis","M",20.1616438356164,72,2.148,3.463,4.734,5.974,7.71746961805904,8.359952869217,16.1294205691469,-0.923147503196614,0.440120521691781,-0.0866538765734357
"Tennis","M",24.3527043061897,73,2,3.28,4.45,5.62,8.80814272602126,8.82958563972127,19.4430626315732,-0.997571469990217,0.474117936879949,-0.0924515022964158
"Tennis","M",20.8547945205479,75,2.116,3.468,4.718,5.988,7.95827110757918,8.2788473255605,16.4713278687668,-0.961277674853169,0.444144714359277,-0.0902144573272887
"Tennis","M",24.3315068493151,75,2.083,3.35,4.53,5.692,7.81234382698248,9.00939724948575,17.5961272467132,-0.867132795973494,0.45471083108718,-0.0807425826772665
"Tennis","M",24.9698630136986,75,2.079,3.383,4.596,5.804,8.11713074671354,8.6158094940746,17.4839130380448,-0.942120499797028,0.454710577291392,-0.0879604206229527
"Tennis","M",18.8246575342466,76,2.1,3.36,4.56,5.76,7.75888957070446,8.93406445915265,17.3296048890302,-0.868461337634041,0.452006075173233,-0.080980271373808
"Tennis","M",18.213698630137,78,2.05,3.35,4.55,5.74,8.38707283069281,8.64815031522573,18.1331666361443,-0.96981117637684,0.461447302063702,-0.0903829253655542
"Tennis","M",17.9917808219178,81,2.123,3.469,4.711,5.929,7.81684138871461,8.35027538258429,16.3181945544374,-0.936117796188826,0.442364923766621,-0.0879093165473507
"Tennis","M",25.3232876712329,85,2.012,3.292,4.449,5.608,8.53902589750838,8.92079720854304,19.0437295975424,-0.957204350450982,0.470360567597883,-0.0888769868957094
"Tennis","W",15.8587747653475,62,2.16,3.52,4.8,6.1,7.65296921909092,8.1748940326609,15.640553100321,-0.936155158527469,0.43478790198523,-0.0880604269998439
"Tennis","W",16.5506849315069,62,2.28,3.744,5.14,6.539,7.15032911450186,7.44485494306847,13.3082907631664,-0.960439010455022,0.407044010267162,-0.0913970549288529
"Tennis","W",16.9479452054795,63,2.23,3.68,5.06,6.46,7.58126827824193,7.49004322563961,14.1960067773006,-1.01217950949736,0.418039451063401,-0.0960523562194402
"Tennis","W",20.1342465753425,66,2.197,3.63,5.011,6.41,7.96694716331499,7.49073221797522,14.9195669487875,-1.06357388456592,0.426184805573151,-0.10076132927734
"Tennis","W",17.1178082191781,67.5,2.22,3.66,5.01,6.38,7.4903115549865,7.63367954051275,14.2946595173417,-0.981219019639824,0.419341641386691,-0.0930475629423821
"Tennis","W",15.9945205479452,68,2.301,3.799,5.172,6.596,6.82131984826588,7.46312816537613,12.7270960711581,-0.914002774320853,0.399189249910446,-0.0871842529898346
"Tennis","W",19.7397260273973,70.5,2.35,3.89,5.37,6.9,6.98634360430453,6.967093882746,12.1686279470779,-1.0027629484951,0.392096155432374,-0.0961061855977719
"Weight/powerlifting","M",16.3532215880264,57,2.12,3.48,4.77,6.05,8.1996938669531,8.07757951262789,16.5584197973802,-1.0151176913993,0.444889370559987,-0.0951500949224441
"Weight/powerlifting","M",24,68,2.099,3.433,4.71,5.943,8.36398505726787,8.17901543489135,17.1022907201486,-1.02261514528845,0.450700730581731,-0.0957846466924868
"Weight/powerlifting","M",22.1315068493151,75,2.131,3.418,4.606,5.777,7.33307954552328,8.98739654636609,16.476323445416,-0.815929230193842,0.441449174824593,-0.0762696899124589
"Weight/powerlifting","M",21.386301369863,77,2.096,3.376,4.549,5.745,7.61551467943845,9.03288391696192,17.1975150168217,-0.84308784984362,0.449976160898355,-0.0786163125720387
"Weight/powerlifting","M",20.9232876712329,78,2.01,3.28,4.43,5.55,8.49971013405967,9.0236207425098,19.1745401677554,-0.941940089970535,0.471475966144416,-0.087300781192134
"Weight/powerlifting","M",19.276488108828,80,2.03,3.33,4.55,5.77,8.82574548484122,8.48425004688254,18.7199578858844,-1.04025051549302,0.466955322233783,-0.0969215117795767
"Weight/powerlifting","M",20.3835616438356,83,2.141,3.498,4.757,6.006,7.73207480216248,8.2409589613355,15.9299277826493,-0.93824940015348,0.43812908074756,-0.0882880895115043
"Weight/powerlifting","M",22,85,2.194,3.572,4.9,6.228,7.61143356865003,7.88377391315895,15.0017053525664,-0.96545558668871,0.427749947213758,-0.0913130154243037
"Weight/powerlifting","M",18.9395178526129,89,2.02,3.31,4.53,5.73,8.96747597395991,8.49153527625194,19.0369096429556,-1.05604883948831,0.469884330598946,-0.0983893829199022
"Weight/powerlifting","M",31.1385471841705,92,2.14,3.52,4.86,6.14,8.35514574437726,7.73753650266644,16.1620612955543,-1.07981988084941,0.4400876695992,-0.101952582790432
"Weight/powerlifting","M",16.6573287671233,103,2.23,3.61,4.95,6.25,7.3055792235396,7.84908536896871,14.3355287488316,-0.930755480431152,0.419730126031969,-0.0883387436783944
"Weight/powerlifting","M",20,110,2.157,3.508,4.821,6.15,7.9347084334232,7.96534887698561,15.8006802273439,-0.996153282921362,0.436954616464259,-0.0941074888260483
"Weight/powerlifting","M",18.4558598427194,146,2.17,3.55,4.86,6.09,7.7790226777221,7.87698034957213,15.3188021928233,-0.987564057861925,0.431615950394769,-0.0936217036938237
